Match id,Date,Map,Placement,Agent,Team Score,Opponent Score,Result,Win Flag,Score Margin,Rounds Played,Kills,Deaths,Assists,K/D,Kills/Round,Deaths/Round,Assists/Round,DDΔ,HS%,ACS,TRS,Deathless Match,Match End Type,Surrendered By,Binary Target Eligible
1,2024-11-07,Sunset,6th,Sage,8,13,Loss,0,-5,21,16,16,3,1.0,0.7619047619047619,0.7619047619047619,0.14285714285714285,-11,0.1,210,578,0,Regulation,,1
2,2024-11-07,Split,9th,Clove,5,13,Loss,0,-8,18,7,9,2,0.7777777777777778,0.3888888888888889,0.5,0.1111111111111111,-9,0.1,117,172,0,Regulation,,1
3,2024-11-08,Pearl,4th,Clove,13,10,Win,1,3,23,20,15,2,1.3333333333333333,0.8695652173913043,0.6521739130434783,0.08695652173913043,19,0.09,229,728,0,Regulation,,1
4,2024-11-08,Sunset,3rd,Sage,9,11,Loss,0,-2,20,14,15,6,0.9333333333333333,0.7,0.75,0.3,11,0.05,237,475,0,Surrender,Player Team,1
5,2024-11-09,Haven,7th,Clove,4,13,Loss,0,-9,17,9,16,2,0.5625,0.5294117647058824,0.9411764705882353,0.11764705882352941,-51,0.1,163,146,0,Regulation,,1
6,2024-11-09,Pearl,10th,Sage,10,13,Loss,0,-3,23,7,17,8,0.4117647058823529,0.30434782608695654,0.7391304347826086,0.34782608695652173,-69,0.04,102,162,0,Regulation,,1
7,2024-11-09,Pearl,8th,Breach,13,6,Win,1,7,19,8,13,1,0.6153846153846154,0.42105263157894735,0.6842105263157895,0.05263157894736842,-34,0.11,122,375,0,Regulation,,1
8,2024-11-10,Abyss,7th,Sage,11,13,Loss,0,-2,24,16,19,11,0.8421052631578947,0.6666666666666666,0.7916666666666666,0.4583333333333333,-27,0.06,198,502,0,Regulation,,1
9,2024-11-10,Ascent,4th,Sage,10,3,Win,1,7,13,11,5,1,2.2,0.8461538461538461,0.38461538461538464,0.07692307692307693,62,0.11,230,853,0,Surrender,Opponent Team,1
10,2024-11-11,Split,10th,Sage,8,13,Loss,0,-5,21,6,19,3,0.3157894736842105,0.2857142857142857,0.9047619047619048,0.14285714285714285,-91,0.07,96,100,0,Regulation,,1
11,2024-11-11,Ascent,10th,Sage,13,10,Win,1,3,23,4,19,5,0.21052631578947367,0.17391304347826086,0.8260869565217391,0.21739130434782608,-97,0.06,65,196,0,Regulation,,1
12,2024-11-11,Haven,6th,Clove,13,9,Win,1,4,22,17,18,3,0.9444444444444444,0.7727272727272727,0.8181818181818182,0.13636363636363635,-20,0.04,197,601,0,Regulation,,1
13,2024-11-11,Bind,6th,Clove,13,3,Win,1,10,16,4,8,4,0.5,0.25,0.5,0.25,-32,0.11,67,519,0,Regulation,,1
14,2024-11-18,Pearl,10th,Clove,5,13,Loss,0,-8,18,5,15,1,0.3333333333333333,0.2777777777777778,0.8333333333333334,0.05555555555555555,-96,0.09,79,100,0,Regulation,,1
15,2024-11-22,Pearl,9th,Clove,11,13,Loss,0,-2,24,8,20,2,0.4,0.3333333333333333,0.8333333333333334,0.08333333333333333,-86,0.07,99,129,0,Regulation,,1
16,2024-11-22,Ascent,8th,Sage,13,3,Win,1,10,16,6,6,4,1.0,0.375,0.375,0.25,-15,0.04,100,574,0,Regulation,,1
17,2024-11-22,Ascent,4th,Clove,9,13,Loss,0,-4,22,18,23,4,0.782608695652174,0.8181818181818182,1.0454545454545454,0.18181818181818182,-45,0.08,236,448,0,Regulation,,1
18,2024-11-23,Bind,7th,Clove,8,13,Loss,0,-5,21,15,21,4,0.7142857142857143,0.7142857142857143,1.0,0.19047619047619047,-39,0.12,196,457,0,Regulation,,1
19,2024-11-24,Pearl,9th,Reyna,3,11,Loss,0,-8,14,6,11,3,0.5454545454545454,0.42857142857142855,0.7857142857142857,0.21428571428571427,-45,0.0,134,195,0,Surrender,Player Team,1
20,2024-11-28,Haven,9th,Clove,13,10,Win,1,3,23,7,19,3,0.3684210526315789,0.30434782608695654,0.8260869565217391,0.13043478260869565,-93,0.06,82,183,0,Regulation,,1
21,2024-11-28,Abyss,8th,Breach,5,13,Loss,0,-8,18,11,13,2,0.8461538461538461,0.6111111111111112,0.7222222222222222,0.1111111111111111,-29,0.04,170,361,0,Regulation,,1
22,2024-11-29,Split,10th,Breach,8,13,Loss,0,-5,21,5,17,2,0.29411764705882354,0.23809523809523808,0.8095238095238095,0.09523809523809523,-86,0.0,74,100,0,Regulation,,1
23,2024-12-03,Bind,2nd,Clove,12,14,Loss,0,-2,26,28,23,3,1.2173913043478262,1.0769230769230769,0.8846153846153846,0.11538461538461539,24,0.09,301,820,0,Overtime,,1
24,2024-12-10,Abyss,7th,Sage,5,13,Loss,0,-8,18,11,16,3,0.6875,0.6111111111111112,0.8888888888888888,0.16666666666666666,-25,0.06,204,285,0,Regulation,,1
25,2024-12-10,Pearl,10th,Clove,13,9,Win,1,4,22,7,20,4,0.35,0.3181818181818182,0.9090909090909091,0.18181818181818182,-89,0.08,96,297,0,Regulation,,1
26,2024-12-12,Abyss,6th,Clove,13,4,Win,1,9,17,9,9,7,1.0,0.5294117647058824,0.5294117647058824,0.4117647058823529,12,0.04,164,648,0,Regulation,,1
27,2024-12-17,Sunset,9th,Clove,10,13,Loss,0,-3,23,6,22,2,0.2727272727272727,0.2608695652173913,0.9565217391304348,0.08695652173913043,-124,0.02,100,101,0,Regulation,,1
28,2024-12-27,Ascent,7th,Sage,7,7,Win,1,0,14,6,9,3,0.6666666666666666,0.42857142857142855,0.6428571428571429,0.21428571428571427,-4,0.05,145,452,0,Surrender,Opponent Team,1
29,2025-01-06,Haven,8th,Sage,13,7,Win,1,6,20,14,10,6,1.4,0.7,0.5,0.3,5,0.07,163,564,0,Regulation,,1
30,2025-01-06,Haven,9th,Sage,3,13,Loss,0,-10,16,5,15,3,0.3333333333333333,0.3125,0.9375,0.1875,-93,0.04,112,100,0,Regulation,,1
31,2025-01-06,Split,8th,Sage,1,8,Loss,0,-7,9,3,7,0,0.42857142857142855,0.3333333333333333,0.7777777777777778,0.0,-20,0.0,119,143,0,Surrender,Player Team,1
32,2025-01-07,Ascent,8th,Sage,13,9,Win,1,4,22,12,15,10,0.8,0.5454545454545454,0.6818181818181818,0.45454545454545453,-3,0.06,171,594,0,Regulation,,1
33,2025-01-07,Sunset,8th,Sage,3,13,Loss,0,-10,16,9,14,7,0.6428571428571429,0.5625,0.875,0.4375,-67,0.05,164,156,0,Regulation,,1
34,2025-01-08,Split,8th,Sage,13,10,Win,1,3,23,13,15,6,0.8666666666666667,0.5652173913043478,0.6521739130434783,0.2608695652173913,0,0.11,156,416,0,Regulation,,1
35,2025-01-08,Split,8th,Sage,13,7,Win,1,6,20,10,15,8,0.6666666666666666,0.5,0.75,0.4,-35,0.09,162,488,0,Regulation,,1
36,2025-01-08,Pearl,10th,Sage,10,13,Loss,0,-3,23,3,18,2,0.16666666666666666,0.13043478260869565,0.782608695652174,0.08695652173913043,-114,0.07,46,147,0,Regulation,,1
37,2025-01-11,Lotus,7th,Sage,13,7,Win,1,6,20,13,11,7,1.1818181818181819,0.65,0.55,0.35,-8,0.12,164,631,0,Regulation,,1
38,2025-01-11,Split,10th,Sage,1,13,Loss,0,-12,14,2,12,6,0.16666666666666666,0.14285714285714285,0.8571428571428571,0.42857142857142855,-87,0.21,69,100,0,Regulation,,1
39,2025-01-12,Abyss,10th,Sage,13,9,Win,1,4,22,3,14,3,0.21428571428571427,0.13636363636363635,0.6363636363636364,0.13636363636363635,-86,0.0,38,200,0,Regulation,,1
40,2025-01-12,Fracture,10th,Sage,14,12,Win,1,2,26,4,15,1,0.26666666666666666,0.15384615384615385,0.5769230769230769,0.038461538461538464,-99,0.0,33,178,0,Overtime,,1
41,2025-01-14,Bind,10th,Sage,13,3,Win,1,10,16,5,8,3,0.625,0.3125,0.5,0.1875,-43,0.03,87,457,0,Regulation,,1
42,2025-01-14,Bind,9th,Sage,15,13,Win,1,2,28,13,19,7,0.6842105263157895,0.4642857142857143,0.6785714285714286,0.25,-63,0.06,116,293,0,Overtime,,1
43,2025-02-04,Haven,8th,Sage,10,13,Loss,0,-3,23,12,18,2,0.6666666666666666,0.5217391304347826,0.782608695652174,0.08695652173913043,-29,0.07,151,288,0,Regulation,,1
44,2025-02-16,Haven,6th,Clove,10,13,Loss,0,-3,23,19,20,0,0.95,0.8260869565217391,0.8695652173913043,0.0,-31,0.06,205,352,0,Regulation,,1
45,2025-02-16,Bind,10th,Breach,13,2,Win,1,11,15,5,9,2,0.5555555555555556,0.3333333333333333,0.6,0.13333333333333333,-47,0.08,103,324,0,Regulation,,1
46,2025-02-17,Abyss,7th,Clove,14,12,Win,1,2,26,13,19,7,0.6842105263157895,0.5,0.7307692307692307,0.2692307692307692,-36,0.05,145,337,0,Overtime,,1
47,2025-02-19,Pearl,8th,Sage,13,4,Win,1,9,17,12,6,4,2.0,0.7058823529411765,0.35294117647058826,0.23529411764705882,-4,0.0,167,660,0,Regulation,,1
48,2025-02-19,Fracture,10th,Sage,0,13,Loss,0,-13,13,2,11,2,0.18181818181818182,0.15384615384615385,0.8461538461538461,0.15384615384615385,-113,0.0,62,100,0,Regulation,,1
49,2025-02-19,Lotus,5th,Sage,13,6,Win,1,7,19,10,10,9,1.0,0.5263157894736842,0.5263157894736842,0.47368421052631576,-13,0.07,163,643,0,Regulation,,1
50,2025-02-19,Split,8th,Clove,13,2,Win,1,11,15,9,9,7,1.0,0.6,0.6,0.4666666666666667,-33,0.03,140,557,0,Regulation,,1
51,2025-02-20,Abyss,9th,Clove,13,10,Win,1,3,23,9,21,10,0.42857142857142855,0.391304347826087,0.9130434782608695,0.43478260869565216,-66,0.05,135,345,0,Regulation,,1
52,2025-02-20,Haven,10th,Sage,11,13,Loss,0,-2,24,6,14,3,0.42857142857142855,0.25,0.5833333333333334,0.125,-50,0.15,72,154,0,Regulation,,1
53,2025-02-20,Lotus,10th,Sage,3,13,Loss,0,-10,16,3,13,7,0.23076923076923078,0.1875,0.8125,0.4375,-77,0.0,81,100,0,Regulation,,1
54,2025-02-21,Pearl,7th,Sage,11,13,Loss,0,-2,24,17,17,6,1.0,0.7083333333333334,0.7083333333333334,0.25,-30,0.08,181,468,0,Regulation,,1
55,2025-02-21,Bind,3rd,Sage,9,8,Win,1,1,17,16,14,4,1.1428571428571428,0.9411764705882353,0.8235294117647058,0.23529411764705882,38,0.05,274,725,0,Surrender,Opponent Team,1
56,2025-02-21,Haven,10th,Sage,13,13,Draw,,0,26,7,18,7,0.3888888888888889,0.2692307692307692,0.6923076923076923,0.2692307692307692,-75,0.06,77,209,0,Overtime Draw,,0
57,2025-02-22,Haven,10th,Clove,4,13,Loss,0,-9,17,6,15,0,0.4,0.35294117647058826,0.8823529411764706,0.0,-93,0.12,91,100,0,Regulation,,1
58,2025-02-22,Split,10th,Sage,4,9,Loss,0,-5,13,3,11,2,0.2727272727272727,0.23076923076923078,0.8461538461538461,0.15384615384615385,-117,0.0,61,100,0,Surrender,Player Team,1
59,2025-02-22,Pearl,10th,Deadlock,10,13,Loss,0,-3,23,0,18,4,0.0,0.0,0.782608695652174,0.17391304347826086,-136,0.0,14,100,0,Regulation,,1
60,2025-02-23,Fracture,8th,Sage,13,9,Win,1,4,22,13,14,6,0.9285714285714286,0.5909090909090909,0.6363636363636364,0.2727272727272727,-10,0.06,171,644,0,Regulation,,1
61,2025-02-23,Bind,6th,Deadlock,3,10,Loss,0,-7,13,5,8,2,0.625,0.38461538461538464,0.6153846153846154,0.15384615384615385,-21,0.03,125,149,0,Surrender,Player Team,1
62,2025-02-24,Lotus,7th,Sage,13,10,Win,1,3,23,10,14,7,0.7142857142857143,0.43478260869565216,0.6086956521739131,0.30434782608695654,-47,0.02,138,412,0,Regulation,,1
63,2025-02-24,Pearl,8th,Sage,13,2,Win,1,11,15,7,2,3,3.5,0.4666666666666667,0.13333333333333333,0.2,45,0.03,128,700,0,Regulation,,1
64,2025-02-24,Split,7th,Sage,13,10,Win,1,3,23,15,15,6,1.0,0.6521739130434783,0.6521739130434783,0.2608695652173913,-36,0.07,162,546,0,Regulation,,1
65,2025-02-25,Lotus,7th,Sage,13,5,Win,1,8,18,13,11,10,1.1818181818181819,0.7222222222222222,0.6111111111111112,0.5555555555555556,-20,0.06,169,636,0,Regulation,,1
66,2025-02-25,Fracture,5th,Sage,13,6,Win,1,7,19,13,10,3,1.3,0.6842105263157895,0.5263157894736842,0.15789473684210525,-3,0.03,178,476,0,Regulation,,1
67,2025-02-25,Abyss,7th,Sage,9,13,Loss,0,-4,22,9,16,7,0.5625,0.4090909090909091,0.7272727272727273,0.3181818181818182,-46,0.07,132,365,0,Regulation,,1
68,2025-02-25,Haven,8th,Sage,9,13,Loss,0,-4,22,12,15,2,0.8,0.5454545454545454,0.6818181818181818,0.09090909090909091,-51,0.06,134,272,0,Regulation,,1
69,2025-02-25,Abyss,10th,Sage,8,13,Loss,0,-5,21,9,14,5,0.6428571428571429,0.42857142857142855,0.6666666666666666,0.23809523809523808,-48,0.05,131,289,0,Regulation,,1
70,2025-02-26,Lotus,9th,Sage,11,13,Loss,0,-2,24,8,19,8,0.42105263157894735,0.3333333333333333,0.7916666666666666,0.3333333333333333,-59,0.08,110,215,0,Regulation,,1
71,2025-02-27,Abyss,8th,Deadlock,5,13,Loss,0,-8,18,8,13,2,0.6153846153846154,0.4444444444444444,0.7222222222222222,0.1111111111111111,-52,0.0,129,106,0,Regulation,,1
72,2025-02-28,Lotus,9th,Sage,14,12,Win,1,2,26,13,16,4,0.8125,0.5,0.6153846153846154,0.15384615384615385,-37,0.03,126,390,0,Overtime,,1
73,2025-03-02,Bind,10th,Deadlock,5,13,Loss,0,-8,18,9,14,2,0.6428571428571429,0.5,0.7777777777777778,0.1111111111111111,-34,0.04,136,245,0,Regulation,,1
74,2025-03-02,Split,9th,Sage,8,13,Loss,0,-5,21,8,16,3,0.5,0.38095238095238093,0.7619047619047619,0.14285714285714285,-81,0.05,104,104,0,Regulation,,1
75,2025-03-08,Fracture,7th,Clove,13,9,Win,1,4,22,14,14,2,1.0,0.6363636363636364,0.6363636363636364,0.09090909090909091,-9,0.02,176,625,0,Regulation,,1
76,2025-03-08,Lotus,3rd,Sage,4,13,Loss,0,-9,17,14,14,1,1.0,0.8235294117647058,0.8235294117647058,0.058823529411764705,-18,0.07,224,360,0,Regulation,,1
77,2025-03-08,Icebox,9th,Sage,9,13,Loss,0,-4,22,9,17,8,0.5294117647058824,0.4090909090909091,0.7727272727272727,0.36363636363636365,-58,0.06,117,183,0,Regulation,,1
78,2025-03-09,Lotus,7th,Sage,13,10,Win,1,3,23,15,14,9,1.0714285714285714,0.6521739130434783,0.6086956521739131,0.391304347826087,8,0.09,189,557,0,Regulation,,1
79,2025-03-09,Ascent,8th,Sage,12,14,Loss,0,-2,26,13,17,10,0.7647058823529411,0.5,0.6538461538461539,0.38461538461538464,-48,0.09,143,265,0,Overtime,,1
80,2025-03-10,Pearl,9th,Sage,13,10,Win,1,3,23,12,12,9,1.0,0.5217391304347826,0.5217391304347826,0.391304347826087,6,0.05,162,627,0,Regulation,,1
81,2025-03-11,Split,10th,Sage,7,13,Loss,0,-6,20,3,17,9,0.17647058823529413,0.15,0.85,0.45,-88,0.03,74,100,0,Regulation,,1
82,2025-03-12,Split,10th,Clove,13,7,Win,1,6,20,7,14,4,0.5,0.35,0.7,0.2,-33,0.05,100,512,0,Regulation,,1
83,2025-03-12,Ascent,8th,Skye,3,13,Loss,0,-10,16,11,12,3,0.9166666666666666,0.6875,0.75,0.1875,-79,0.04,165,245,0,Regulation,,1
84,2025-03-13,Pearl,9th,Sage,14,14,Draw,,0,28,15,18,9,0.8333333333333334,0.5357142857142857,0.6428571428571429,0.32142857142857145,-19,0.11,155,408,0,Overtime Draw,,0
85,2025-03-14,Ascent,6th,Sage,5,13,Loss,0,-8,18,14,14,3,1.0,0.7777777777777778,0.7777777777777778,0.16666666666666666,-58,0.08,180,236,0,Regulation,,1
86,2025-03-14,Icebox,2nd,Sage,1,13,Loss,0,-12,14,12,14,2,0.8571428571428571,0.8571428571428571,1.0,0.14285714285714285,-28,0.05,269,419,0,Regulation,,1
87,2025-03-15,Split,8th,Sage,14,12,Win,1,2,26,10,17,9,0.5882352941176471,0.38461538461538464,0.6538461538461539,0.34615384615384615,-25,0.02,132,383,0,Overtime,,1
88,2025-03-15,Lotus,7th,Breach,13,8,Win,1,5,21,12,11,5,1.0909090909090908,0.5714285714285714,0.5238095238095238,0.23809523809523808,40,0.06,174,661,0,Regulation,,1
89,2025-03-15,Pearl,4th,Sage,13,7,Win,1,6,20,17,11,8,1.5454545454545454,0.85,0.55,0.4,33,0.04,237,794,0,Regulation,,1
90,2025-03-15,Ascent,6th,Sage,13,7,Win,1,6,20,13,11,5,1.1818181818181819,0.65,0.55,0.25,-1,0.09,178,584,0,Regulation,,1
91,2025-03-15,Fracture,10th,Clove,13,10,Win,1,3,23,14,17,6,0.8235294117647058,0.6086956521739131,0.7391304347826086,0.2608695652173913,-25,0.08,175,508,0,Regulation,,1
92,2025-03-16,Ascent,8th,Sage,0,6,Loss,0,-6,6,2,6,2,0.3333333333333333,0.3333333333333333,1.0,0.3333333333333333,-60,0.06,141,106,0,Surrender,Player Team,1
93,2025-03-16,Icebox,4th,Sage,3,13,Loss,0,-10,16,10,15,5,0.6666666666666666,0.625,0.9375,0.3125,-58,0.08,198,257,0,Regulation,,1
94,2025-03-16,Lotus,7th,Breach,13,7,Win,1,6,20,12,11,6,1.0909090909090908,0.6,0.55,0.3,-1,0.09,149,587,0,Regulation,,1
95,2025-03-16,Pearl,5th,Sage,7,13,Loss,0,-6,20,14,14,5,1.0,0.7,0.7,0.25,-12,0.07,202,444,0,Regulation,,1
96,2025-03-17,Ascent,2nd,Sage,2,6,Loss,0,-4,8,8,7,1,1.1428571428571428,1.0,0.875,0.125,-16,0.05,282,578,0,Surrender,Player Team,1
97,2025-03-17,Icebox,7th,Sage,8,13,Loss,0,-5,21,12,17,4,0.7058823529411765,0.5714285714285714,0.8095238095238095,0.19047619047619047,-49,0.04,176,307,0,Regulation,,1
98,2025-03-18,Haven,8th,Sage,5,13,Loss,0,-8,18,6,15,3,0.4,0.3333333333333333,0.8333333333333334,0.16666666666666666,-64,0.02,111,100,0,Regulation,,1
99,2025-03-19,Ascent,3rd,Sage,13,3,Win,1,10,16,16,8,8,2.0,1.0,0.5,0.5,51,0.05,253,890,0,Regulation,,1
100,2025-03-19,Lotus,9th,Breach,6,13,Loss,0,-7,19,10,14,7,0.7142857142857143,0.5263157894736842,0.7368421052631579,0.3684210526315789,-56,0.01,157,323,0,Regulation,,1
101,2025-03-19,Pearl,9th,Sage,2,13,Loss,0,-11,15,8,12,3,0.6666666666666666,0.5333333333333333,0.8,0.2,-56,0.08,159,289,0,Regulation,,1
102,2025-03-19,Fracture,10th,Breach,13,5,Win,1,8,18,5,17,2,0.29411764705882354,0.2777777777777778,0.9444444444444444,0.1111111111111111,-108,0.03,89,186,0,Regulation,,1
103,2025-03-20,Haven,5th,Breach,13,5,Win,1,8,18,15,11,8,1.3636363636363635,0.8333333333333334,0.6111111111111112,0.4444444444444444,28,0.04,239,718,0,Regulation,,1
104,2025-03-20,Fracture,9th,Sage,13,3,Win,1,10,16,6,7,12,0.8571428571428571,0.375,0.4375,0.75,18,0.04,131,652,0,Regulation,,1
105,2025-03-21,Split,MVP,Sage,13,11,Win,1,2,24,26,15,9,1.7333333333333334,1.0833333333333333,0.625,0.375,62,0.09,284,877,0,Regulation,,1
106,2025-03-21,Icebox,10th,Sage,13,8,Win,1,5,21,8,13,7,0.6153846153846154,0.38095238095238093,0.6190476190476191,0.3333333333333333,-35,0.02,101,307,0,Regulation,,1
107,2025-03-21,Ascent,8th,Sage,6,13,Loss,0,-7,19,9,17,5,0.5294117647058824,0.47368421052631576,0.8947368421052632,0.2631578947368421,-45,0.07,170,298,0,Regulation,,1
108,2025-03-21,Fracture,5th,Sage,12,14,Loss,0,-2,26,19,15,10,1.2666666666666666,0.7307692307692307,0.5769230769230769,0.38461538461538464,-33,0.01,189,423,0,Overtime,,1
109,2025-03-21,Lotus,9th,Breach,6,13,Loss,0,-7,19,8,13,3,0.6153846153846154,0.42105263157894735,0.6842105263157895,0.15789473684210525,-53,0.08,120,128,0,Regulation,,1
110,2025-03-21,Pearl,8th,Sage,13,3,Win,1,10,16,7,7,10,1.0,0.4375,0.4375,0.625,-19,0.0,123,573,0,Regulation,,1
111,2025-03-22,Split,9th,Clove,12,14,Loss,0,-2,26,10,21,3,0.47619047619047616,0.38461538461538464,0.8076923076923077,0.11538461538461539,-56,0.05,122,190,0,Overtime,,1
112,2025-03-22,Pearl,10th,Sage,6,13,Loss,0,-7,19,4,18,4,0.2222222222222222,0.21052631578947367,0.9473684210526315,0.21052631578947367,-90,0.04,96,100,0,Regulation,,1
113,2025-03-22,Lotus,9th,Sage,10,13,Loss,0,-3,23,12,15,10,0.8,0.5217391304347826,0.6521739130434783,0.43478260869565216,-19,0.05,144,371,0,Regulation,,1
114,2025-03-23,Fracture,8th,Sage,13,1,Win,1,12,14,4,6,6,0.6666666666666666,0.2857142857142857,0.42857142857142855,0.42857142857142855,-55,0.0,74,473,0,Regulation,,1
115,2025-03-23,Haven,8th,Sage,7,13,Loss,0,-6,20,4,10,2,0.4,0.2,0.5,0.1,-58,0.13,56,100,0,Regulation,,1
116,2025-03-23,Ascent,10th,Sage,13,10,Win,1,3,23,11,14,11,0.7857142857142857,0.4782608695652174,0.6086956521739131,0.4782608695652174,-34,0.11,123,527,0,Regulation,,1
117,2025-03-29,Pearl,10th,Sage,12,14,Loss,0,-2,26,10,16,13,0.625,0.38461538461538464,0.6153846153846154,0.5,-30,0.17,120,363,0,Overtime,,1
118,2025-03-30,Ascent,3rd,Sage,12,0,Win,1,12,12,9,2,3,4.5,0.75,0.16666666666666666,0.25,65,0.13,182,797,0,Surrender,Opponent Team,1
119,2025-03-30,Lotus,7th,Breach,6,13,Loss,0,-7,19,12,16,1,0.75,0.631578947368421,0.8421052631578947,0.05263157894736842,-27,0.07,174,248,0,Regulation,,1
120,2025-03-30,Pearl,2nd,Breach,13,10,Win,1,3,23,24,13,8,1.8461538461538463,1.0434782608695652,0.5652173913043478,0.34782608695652173,91,0.09,289,873,0,Regulation,,1
121,2025-03-30,Icebox,9th,Sage,14,14,Draw,,0,28,16,20,11,0.8,0.5714285714285714,0.7142857142857143,0.39285714285714285,-39,0.1,155,435,0,Overtime Draw,,0
122,2025-03-31,Haven,7th,Sage,10,13,Loss,0,-3,23,12,16,6,0.75,0.5217391304347826,0.6956521739130435,0.2608695652173913,-21,0.08,159,344,0,Regulation,,1
123,2025-03-31,Fracture,7th,Sage,15,15,Draw,,0,30,14,18,3,0.7777777777777778,0.4666666666666667,0.6,0.1,-29,0.13,135,375,0,Overtime Draw,,0
124,2025-04-03,Lotus,10th,Sage,13,9,Win,1,4,22,11,16,4,0.6875,0.5,0.7272727272727273,0.18181818181818182,-51,0.06,145,287,0,Regulation,,1
125,2025-04-05,Fracture,5th,Breach,13,5,Win,1,8,18,12,9,3,1.3333333333333333,0.6666666666666666,0.5,0.16666666666666666,30,0.04,182,751,0,Regulation,,1
126,2025-04-06,Lotus,10th,Breach,13,4,Win,1,9,17,6,10,2,0.6,0.35294117647058826,0.5882352941176471,0.11764705882352941,-78,0.07,92,431,0,Regulation,,1
127,2025-04-07,Ascent,10th,Killjoy,9,13,Loss,0,-4,22,10,15,4,0.6666666666666666,0.45454545454545453,0.6818181818181818,0.18181818181818182,-30,0.05,141,278,0,Regulation,,1
128,2025-04-07,Haven,3rd,Killjoy,13,11,Win,1,2,24,26,16,10,1.625,1.0833333333333333,0.6666666666666666,0.4166666666666667,102,0.05,339,926,0,Regulation,,1
129,2025-04-07,Icebox,6th,Killjoy,13,3,Win,1,10,16,10,5,6,2.0,0.625,0.3125,0.375,29,0.05,166,727,0,Regulation,,1
130,2025-04-08,Fracture,6th,Killjoy,2,13,Loss,0,-11,15,9,14,3,0.6428571428571429,0.6,0.9333333333333333,0.2,-52,0.1,176,210,0,Regulation,,1
131,2025-04-08,Fracture,9th,Killjoy,4,9,Loss,0,-5,13,3,6,2,0.5,0.23076923076923078,0.46153846153846156,0.15384615384615385,-42,0.1,67,110,0,Surrender,Player Team,1
132,2025-04-09,Ascent,5th,Killjoy,10,13,Loss,0,-3,23,18,15,4,1.2,0.782608695652174,0.6521739130434783,0.17391304347826086,-4,0.05,214,556,0,Regulation,,1
133,2025-04-09,Pearl,6th,Killjoy,13,15,Loss,0,-2,28,23,23,9,1.0,0.8214285714285714,0.8214285714285714,0.32142857142857145,-24,0.06,227,571,0,Overtime,,1
134,2025-04-09,Haven,9th,Killjoy,13,1,Win,1,12,14,5,6,2,0.8333333333333334,0.35714285714285715,0.42857142857142855,0.14285714285714285,-7,0.08,108,577,0,Regulation,,1
135,2025-04-10,Split,7th,Killjoy,13,9,Win,1,4,22,13,15,4,0.8666666666666667,0.5909090909090909,0.6818181818181818,0.18181818181818182,-3,0.03,173,553,0,Regulation,,1
136,2025-04-11,Split,5th,Killjoy,4,13,Loss,0,-9,17,10,13,1,0.7692307692307693,0.5882352941176471,0.7647058823529411,0.058823529411764705,-18,0.07,186,269,0,Regulation,,1
137,2025-04-12,Fracture,10th,Killjoy,13,2,Win,1,11,15,2,7,4,0.2857142857142857,0.13333333333333333,0.4666666666666667,0.26666666666666666,-35,0.11,61,460,0,Regulation,,1
138,2025-04-12,Pearl,10th,Killjoy,13,9,Win,1,4,22,2,15,3,0.13333333333333333,0.09090909090909091,0.6818181818181818,0.13636363636363635,-83,0.12,32,253,0,Regulation,,1
139,2025-04-13,Icebox,10th,Sage,13,9,Win,1,4,22,7,12,5,0.5833333333333334,0.3181818181818182,0.5454545454545454,0.22727272727272727,-40,0.1,90,390,0,Regulation,,1
140,2025-04-15,Ascent,2nd,Killjoy,10,2,Win,1,8,12,13,3,3,4.333333333333333,1.0833333333333333,0.25,0.25,77,0.04,290,958,0,Surrender,Opponent Team,1
141,2025-04-15,Lotus,8th,Sage,9,13,Loss,0,-4,22,12,18,8,0.6666666666666666,0.5454545454545454,0.8181818181818182,0.36363636363636365,-83,0.05,145,257,0,Regulation,,1
142,2025-04-15,Ascent,2nd,Killjoy,11,13,Loss,0,-2,24,23,19,5,1.2105263157894737,0.9583333333333334,0.7916666666666666,0.20833333333333334,11,0.08,275,731,0,Regulation,,1
143,2025-04-15,Pearl,10th,Killjoy,13,10,Win,1,3,23,5,17,6,0.29411764705882354,0.21739130434782608,0.7391304347826086,0.2608695652173913,-58,0.08,97,255,0,Regulation,,1
144,2025-04-16,Split,8th,Killjoy,13,6,Win,1,7,19,12,10,4,1.2,0.631578947368421,0.5263157894736842,0.21052631578947367,-15,0.0,162,515,0,Regulation,,1
145,2025-04-16,Ascent,10th,Killjoy,13,4,Win,1,9,17,9,9,3,1.0,0.5294117647058824,0.5294117647058824,0.17647058823529413,-8,0.06,151,487,0,Regulation,,1
146,2025-04-16,Haven,10th,Sage,13,5,Win,1,8,18,2,11,9,0.18181818181818182,0.1111111111111111,0.6111111111111112,0.5,-82,0.0,53,384,0,Regulation,,1
147,2025-04-17,Split,6th,Killjoy,13,9,Win,1,4,22,15,10,6,1.5,0.6818181818181818,0.45454545454545453,0.2727272727272727,19,0.08,204,730,0,Regulation,,1
148,2025-04-17,Ascent,7th,Killjoy,6,13,Loss,0,-7,19,12,18,5,0.6666666666666666,0.631578947368421,0.9473684210526315,0.2631578947368421,-45,0.02,195,273,0,Regulation,,1
149,2025-04-18,Icebox,8th,Astra,5,0,Win,1,5,5,3,1,0,3.0,0.6,0.2,0.0,13,0.33,81,560,0,Surrender,Opponent Team,1
150,2025-04-18,Fracture,6th,Astra,13,8,Win,1,5,21,14,13,7,1.0769230769230769,0.6666666666666666,0.6190476190476191,0.3333333333333333,12,0.05,188,589,0,Regulation,,1
151,2025-04-18,Pearl,9th,Killjoy,13,9,Win,1,4,22,8,11,2,0.7272727272727273,0.36363636363636365,0.5,0.09090909090909091,-30,0.08,95,452,0,Regulation,,1
152,2025-04-18,Haven,10th,Astra,14,12,Win,1,2,26,8,18,7,0.4444444444444444,0.3076923076923077,0.6923076923076923,0.2692307692307692,-49,0.07,109,401,0,Overtime,,1
153,2025-04-20,Lotus,9th,Sage,10,13,Loss,0,-3,23,10,18,2,0.5555555555555556,0.43478260869565216,0.782608695652174,0.08695652173913043,-58,0.09,124,282,0,Regulation,,1
154,2025-04-21,Ascent,10th,Sage,13,4,Win,1,9,17,7,10,4,0.7,0.4117647058823529,0.5882352941176471,0.23529411764705882,-63,0.03,111,350,0,Regulation,,1
155,2025-04-22,Lotus,2nd,Sage,5,13,Loss,0,-8,18,19,10,3,1.9,1.0555555555555556,0.5555555555555556,0.16666666666666666,25,0.09,266,710,0,Regulation,,1
156,2025-04-22,Pearl,8th,Sage,7,13,Loss,0,-6,20,9,15,8,0.6,0.45,0.75,0.4,-95,0.02,127,222,0,Regulation,,1
157,2025-04-23,Haven,MVP,Killjoy,13,8,Win,1,5,21,20,14,8,1.4285714285714286,0.9523809523809523,0.6666666666666666,0.38095238095238093,50,0.05,287,931,0,Regulation,,1
158,2025-04-23,Icebox,9th,Sage,13,11,Win,1,2,24,7,19,12,0.3684210526315789,0.2916666666666667,0.7916666666666666,0.5,-67,0.03,107,236,0,Regulation,,1
159,2025-04-24,Fracture,6th,Deadlock,8,13,Loss,0,-5,21,17,18,3,0.9444444444444444,0.8095238095238095,0.8571428571428571,0.14285714285714285,2,0.09,230,638,0,Regulation,,1
160,2025-04-24,Ascent,7th,Sage,8,13,Loss,0,-5,21,13,17,7,0.7647058823529411,0.6190476190476191,0.8095238095238095,0.3333333333333333,-53,0.1,174,268,0,Regulation,,1
161,2025-04-24,Lotus,10th,Sage,5,13,Loss,0,-8,18,6,6,0,1.0,0.3333333333333333,0.3333333333333333,0.0,-16,0.14,88,141,0,Regulation,,1
162,2025-04-26,Pearl,6th,Deadlock,2,13,Loss,0,-11,15,6,12,5,0.5,0.4,0.8,0.3333333333333333,-32,0.08,134,291,0,Regulation,,1
163,2025-04-27,Split,5th,Killjoy,13,8,Win,1,5,21,21,9,3,2.3333333333333335,1.0,0.42857142857142855,0.14285714285714285,70,0.16,237,840,0,Regulation,,1
164,2025-04-27,Lotus,6th,Sage,7,13,Loss,0,-6,20,9,16,8,0.5625,0.45,0.8,0.4,-32,0.12,156,281,0,Regulation,,1
165,2025-04-28,Split,10th,Killjoy,15,13,Win,1,2,28,11,23,5,0.4782608695652174,0.39285714285714285,0.8214285714285714,0.17857142857142858,-69,0.04,124,297,0,Overtime,,1
166,2025-05-02,Lotus,7th,Sage,7,13,Loss,0,-6,20,10,14,9,0.7142857142857143,0.5,0.7,0.45,-11,0.09,166,385,0,Regulation,,1
167,2025-05-03,Pearl,8th,Sage,5,13,Loss,0,-8,18,3,16,7,0.1875,0.16666666666666666,0.8888888888888888,0.3888888888888889,-81,0.2,88,100,0,Regulation,,1
168,2025-05-09,Sunset,9th,Clove,13,6,Win,1,7,19,11,13,3,0.8461538461538461,0.5789473684210527,0.6842105263157895,0.15789473684210525,-48,0.14,147,377,0,Regulation,,1
169,2025-05-09,Sunset,5th,Deadlock,5,13,Loss,0,-8,18,12,16,4,0.75,0.6666666666666666,0.8888888888888888,0.2222222222222222,-28,0.14,191,493,0,Regulation,,1
170,2025-05-09,Icebox,10th,Sage,13,10,Win,1,3,23,9,15,9,0.6,0.391304347826087,0.6521739130434783,0.391304347826087,-58,0.04,135,437,0,Regulation,,1
171,2025-05-21,Split,8th,Sage,11,13,Loss,0,-2,24,11,17,6,0.6470588235294118,0.4583333333333333,0.7083333333333334,0.25,-54,0.06,128,239,0,Regulation,,1
172,2025-05-22,Lotus,7th,Skye,1,13,Loss,0,-12,14,10,14,2,0.7142857142857143,0.7142857142857143,1.0,0.14285714285714285,-70,0.06,193,309,0,Regulation,,1
173,2025-05-22,Haven,8th,Sage,13,4,Win,1,9,17,8,6,3,1.3333333333333333,0.47058823529411764,0.35294117647058826,0.17647058823529413,-18,0.03,123,541,0,Regulation,,1
174,2025-05-22,Split,6th,Sage,13,2,Win,1,11,15,11,5,6,2.2,0.7333333333333333,0.3333333333333333,0.4,38,0.13,171,752,0,Regulation,,1
175,2025-05-22,Sunset,9th,Skye,13,4,Win,1,9,17,4,6,6,0.6666666666666666,0.23529411764705882,0.35294117647058826,0.35294117647058826,-40,0.1,56,271,0,Regulation,,1
176,2025-05-23,Pearl,10th,Skye,10,13,Loss,0,-3,23,9,18,7,0.5,0.391304347826087,0.782608695652174,0.30434782608695654,-69,0.04,119,137,0,Regulation,,1
177,2025-05-23,Icebox,8th,Breach,4,13,Loss,0,-9,17,9,13,3,0.6923076923076923,0.5294117647058824,0.7647058823529411,0.17647058823529413,-46,0.07,142,173,0,Regulation,,1
178,2025-05-23,Haven,10th,Sage,13,9,Win,1,4,22,9,13,6,0.6923076923076923,0.4090909090909091,0.5909090909090909,0.2727272727272727,-61,0.06,99,252,0,Regulation,,1
179,2025-05-24,Ascent,5th,Reyna,13,4,Win,1,9,17,10,10,5,1.0,0.5882352941176471,0.5882352941176471,0.29411764705882354,1,0.0,173,675,0,Regulation,,1
180,2025-05-24,Lotus,10th,Sage,13,9,Win,1,4,22,8,15,5,0.5333333333333333,0.36363636363636365,0.6818181818181818,0.22727272727272727,-82,0.06,95,262,0,Regulation,,1
181,2025-05-29,Haven,9th,Killjoy,13,4,Win,1,9,17,3,10,2,0.3,0.17647058823529413,0.5882352941176471,0.11764705882352941,-55,0.06,65,448,0,Regulation,,1
182,2025-05-30,Icebox,9th,Sage,7,13,Loss,0,-6,20,7,17,6,0.4117647058823529,0.35,0.85,0.3,-96,0.02,107,132,0,Regulation,,1
183,2025-05-31,Split,10th,Killjoy,12,14,Loss,0,-2,26,4,18,5,0.2222222222222222,0.15384615384615385,0.6923076923076923,0.19230769230769232,-66,0.04,69,139,0,Overtime,,1
184,2025-05-31,Sunset,10th,Sage,13,11,Win,1,2,24,4,19,13,0.21052631578947367,0.16666666666666666,0.7916666666666666,0.5416666666666666,-106,0.04,54,178,0,Regulation,,1
185,2025-06-09,Lotus,8th,Sage,1,13,Loss,0,-12,14,5,13,2,0.38461538461538464,0.35714285714285715,0.9285714285714286,0.14285714285714285,-81,0.07,129,100,0,Regulation,,1
186,2025-06-09,Ascent,10th,Sage,13,15,Loss,0,-2,28,10,22,5,0.45454545454545453,0.35714285714285715,0.7857142857142857,0.17857142857142858,-72,0.1,107,178,0,Overtime,,1
187,2025-06-11,Pearl,5th,Fade,13,4,Win,1,9,17,14,11,7,1.2727272727272727,0.8235294117647058,0.6470588235294118,0.4117647058823529,39,0.06,237,818,0,Regulation,,1
188,2025-06-11,Pearl,9th,Fade,13,10,Win,1,3,23,11,17,11,0.6470588235294118,0.4782608695652174,0.7391304347826086,0.4782608695652174,-22,0.12,143,550,0,Regulation,,1
189,2025-06-12,Lotus,4th,Fade,3,13,Loss,0,-10,16,10,14,7,0.7142857142857143,0.625,0.875,0.4375,-22,0.04,221,420,0,Regulation,,1
190,2025-06-12,Sunset,5th,Deadlock,7,13,Loss,0,-6,20,15,18,3,0.8333333333333334,0.75,0.9,0.15,-57,0.07,207,329,0,Regulation,,1
191,2025-06-14,Icebox,2nd,Sage,9,13,Loss,0,-4,22,21,18,4,1.1666666666666667,0.9545454545454546,0.8181818181818182,0.18181818181818182,-4,0.07,271,533,0,Regulation,,1
192,2025-06-14,Split,2nd,Sage,13,10,Win,1,3,23,22,12,6,1.8333333333333333,0.9565217391304348,0.5217391304347826,0.2608695652173913,66,0.11,269,800,0,Regulation,,1
193,2025-06-15,Lotus,7th,Sage,6,13,Loss,0,-7,19,13,14,9,0.9285714285714286,0.6842105263157895,0.7368421052631579,0.47368421052631576,-22,0.07,196,496,0,Regulation,,1
194,2025-06-17,Haven,6th,Killjoy,15,13,Win,1,2,28,20,18,7,1.1111111111111112,0.7142857142857143,0.6428571428571429,0.25,5,0.11,216,626,0,Overtime,,1
195,2025-06-18,Pearl,5th,Sage,9,1,Win,1,8,10,8,5,3,1.6,0.8,0.5,0.3,-6,0.0,190,643,0,Surrender,Opponent Team,1
196,2025-06-18,Haven,4th,Sage,3,13,Loss,0,-10,16,12,12,2,1.0,0.75,0.75,0.125,-33,0.02,198,268,0,Regulation,,1
197,2025-06-19,Sunset,8th,Sage,13,10,Win,1,3,23,16,14,7,1.1428571428571428,0.6956521739130435,0.6086956521739131,0.30434782608695654,-20,0.06,185,493,0,Regulation,,1
198,2025-06-19,Sunset,5th,Skye,13,2,Win,1,11,15,12,7,6,1.7142857142857142,0.8,0.4666666666666667,0.4,45,0.11,203,813,0,Regulation,,1
199,2025-06-19,Ascent,8th,Sage,9,13,Loss,0,-4,22,11,16,5,0.6875,0.5,0.7272727272727273,0.22727272727272727,-44,0.15,139,186,0,Regulation,,1
200,2025-06-20,Split,2nd,Sage,13,5,Win,1,8,18,16,7,8,2.2857142857142856,0.8888888888888888,0.3888888888888889,0.4444444444444444,70,0.04,258,924,0,Regulation,,1
201,2025-06-20,Icebox,7th,Sage,11,1,Win,1,10,12,7,6,7,1.1666666666666667,0.5833333333333334,0.5,0.5833333333333334,-9,0.07,160,537,0,Surrender,Opponent Team,1
202,2025-06-20,Icebox,10th,Sage,13,15,Loss,0,-2,28,3,22,5,0.13636363636363635,0.10714285714285714,0.7857142857142857,0.17857142857142858,-100,0.17,47,197,0,Overtime,,1
203,2025-06-21,Split,9th,Sage,13,3,Win,1,10,16,5,8,8,0.625,0.3125,0.5,0.5,-47,0.07,94,455,0,Regulation,,1
204,2025-06-22,Pearl,8th,Sage,5,13,Loss,0,-8,18,8,15,4,0.5333333333333333,0.4444444444444444,0.8333333333333334,0.2222222222222222,-74,0.1,131,146,0,Regulation,,1
205,2025-06-22,Ascent,10th,Skye,14,14,Draw,,0,28,14,20,8,0.7,0.5,0.7142857142857143,0.2857142857142857,-54,0.06,135,323,0,Overtime Draw,,0
206,2025-06-23,Pearl,9th,Sage,13,5,Win,1,8,18,13,8,4,1.625,0.7222222222222222,0.4444444444444444,0.2222222222222222,28,0.18,170,537,0,Regulation,,1
207,2025-06-23,Icebox,2nd,Sage,13,11,Win,1,2,24,22,11,8,2.0,0.9166666666666666,0.4583333333333333,0.3333333333333333,71,0.17,261,747,0,Regulation,,1
208,2025-06-24,Split,9th,Sage,13,10,Win,1,3,23,14,13,10,1.0769230769230769,0.6086956521739131,0.5652173913043478,0.43478260869565216,-30,0.13,156,472,0,Regulation,,1
209,2025-06-25,Haven,9th,Sage,13,5,Win,1,8,18,11,7,8,1.5714285714285714,0.6111111111111112,0.3888888888888889,0.4444444444444444,-6,0.11,137,618,0,Regulation,,1
210,2025-06-25,Lotus,8th,Killjoy,13,2,Win,1,11,15,8,7,2,1.1428571428571428,0.5333333333333333,0.4666666666666667,0.13333333333333333,-7,0.06,141,562,0,Regulation,,1
211,2025-06-25,Split,10th,Sage,13,9,Win,1,4,22,6,14,4,0.42857142857142855,0.2727272727272727,0.6363636363636364,0.18181818181818182,-102,0.16,58,176,0,Regulation,,1
212,2025-06-25,Haven,10th,Sage,9,13,Loss,0,-4,22,3,13,12,0.23076923076923078,0.13636363636363635,0.5909090909090909,0.5454545454545454,-62,0.06,67,269,0,Regulation,,1
213,2025-06-26,Lotus,8th,Sage,12,14,Loss,0,-2,26,17,13,4,1.3076923076923077,0.6538461538461539,0.5,0.15384615384615385,17,0.14,173,601,0,Overtime,,1
214,2025-06-26,Bind,8th,Reyna,10,13,Loss,0,-3,23,14,14,2,1.0,0.6086956521739131,0.6086956521739131,0.08695652173913043,-21,0.13,157,385,0,Regulation,,1
215,2025-06-26,Haven,10th,Sage,13,15,Loss,0,-2,28,6,22,8,0.2727272727272727,0.21428571428571427,0.7857142857142857,0.2857142857142857,-104,0.07,75,178,0,Overtime,,1
216,2025-06-28,Ascent,8th,Sage,12,14,Loss,0,-2,26,15,19,4,0.7894736842105263,0.5769230769230769,0.7307692307692307,0.15384615384615385,-63,0.1,148,310,0,Overtime,,1
217,2025-06-28,Icebox,9th,Clove,9,13,Loss,0,-4,22,9,20,4,0.45,0.4090909090909091,0.9090909090909091,0.18181818181818182,-63,0.03,128,216,0,Regulation,,1
218,2025-07-16,Bind,9th,Sage,7,13,Loss,0,-6,20,7,16,7,0.4375,0.35,0.8,0.35,-92,0.1,114,110,0,Regulation,,1
219,2025-07-19,Lotus,4th,Fade,8,13,Loss,0,-5,21,17,16,7,1.0625,0.8095238095238095,0.7619047619047619,0.3333333333333333,-17,0.11,232,599,0,Regulation,,1
220,2025-07-19,Lotus,5th,Sage,5,13,Loss,0,-8,18,13,15,6,0.8666666666666667,0.7222222222222222,0.8333333333333334,0.3333333333333333,-22,0.08,214,353,0,Regulation,,1
221,2025-07-20,Haven,10th,Skye,13,8,Win,1,5,21,4,14,2,0.2857142857142857,0.19047619047619047,0.6666666666666666,0.09523809523809523,-72,0.11,48,245,0,Regulation,,1
222,2025-07-21,Icebox,7th,Clove,13,10,Win,1,3,23,17,21,1,0.8095238095238095,0.7391304347826086,0.9130434782608695,0.043478260869565216,-36,0.14,183,352,0,Regulation,,1
223,2025-07-21,Icebox,3rd,Killjoy,10,13,Loss,0,-3,23,17,12,4,1.4166666666666667,0.7391304347826086,0.5217391304347826,0.17391304347826086,40,0.08,208,585,0,Regulation,,1
224,2025-07-22,Corrode,10th,Clove,13,9,Win,1,4,22,12,17,5,0.7058823529411765,0.5454545454545454,0.7727272727272727,0.22727272727272727,-29,0.2,151,549,0,Regulation,,1
225,2025-07-22,Haven,8th,Clove,14,12,Win,1,2,26,15,18,4,0.8333333333333334,0.5769230769230769,0.6923076923076923,0.15384615384615385,-33,0.13,173,429,0,Overtime,,1
226,2025-07-23,Ascent,10th,Clove,5,13,Loss,0,-8,18,3,16,6,0.1875,0.16666666666666666,0.8888888888888888,0.3333333333333333,-81,0.11,92,100,0,Regulation,,1
227,2025-07-24,Sunset,7th,Clove,2,13,Loss,0,-11,15,10,16,3,0.625,0.6666666666666666,1.0666666666666667,0.2,-77,0.15,179,196,0,Regulation,,1
228,2025-07-24,Corrode,9th,Killjoy,9,13,Loss,0,-4,22,12,15,2,0.8,0.5454545454545454,0.6818181818181818,0.09090909090909091,-42,0.06,134,201,0,Regulation,,1
229,2025-07-26,Icebox,8th,Fade,14,14,Draw,,0,28,16,22,9,0.7272727272727273,0.5714285714285714,0.7857142857142857,0.32142857142857145,-19,0.24,163,486,0,Overtime Draw,,0
230,2025-07-28,Bind,9th,Sage,14,14,Draw,,0,28,14,20,11,0.7,0.5,0.7142857142857143,0.39285714285714285,-53,0.03,145,439,0,Overtime Draw,,0
231,2025-07-29,Haven,7th,Breach,8,13,Loss,0,-5,21,16,14,3,1.1428571428571428,0.7619047619047619,0.6666666666666666,0.14285714285714285,15,0.07,207,421,0,Regulation,,1
232,2025-07-30,Ascent,6th,Sage,13,8,Win,1,5,21,12,10,11,1.2,0.5714285714285714,0.47619047619047616,0.5238095238095238,-6,0.1,159,555,0,Regulation,,1
233,2025-08-20,Sunset,9th,Sage,11,13,Loss,0,-2,24,8,16,7,0.5,0.3333333333333333,0.6666666666666666,0.2916666666666667,-76,0.0,104,174,0,Regulation,,1
234,2025-08-21,Lotus,8th,Clove,13,6,Win,1,7,19,9,11,6,0.8181818181818182,0.47368421052631576,0.5789473684210527,0.3157894736842105,-46,0.04,133,421,0,Regulation,,1
235,2025-08-21,Lotus,6th,Clove,6,13,Loss,0,-7,19,10,17,5,0.5882352941176471,0.5263157894736842,0.8947368421052632,0.2631578947368421,-44,0.08,169,263,0,Regulation,,1
236,2025-08-22,Sunset,8th,Clove,5,13,Loss,0,-8,18,10,17,2,0.5882352941176471,0.5555555555555556,0.9444444444444444,0.1111111111111111,-115,0.14,131,100,0,Regulation,,1
237,2025-08-22,Abyss,8th,Clove,6,13,Loss,0,-7,19,14,17,2,0.8235294117647058,0.7368421052631579,0.8947368421052632,0.10526315789473684,-54,0.18,171,345,0,Regulation,,1
238,2025-08-23,Ascent,10th,Sage,10,13,Loss,0,-3,23,5,8,5,0.625,0.21739130434782608,0.34782608695652173,0.21739130434782608,-14,0.03,65,210,0,Regulation,,1
239,2025-08-24,Bind,10th,Clove,13,9,Win,1,4,22,6,13,7,0.46153846153846156,0.2727272727272727,0.5909090909090909,0.3181818181818182,-56,0.03,87,366,0,Regulation,,1
240,2025-08-26,Corrode,6th,Sage,13,6,Win,1,7,19,15,12,7,1.25,0.7894736842105263,0.631578947368421,0.3684210526315789,4,0.08,202,626,0,Regulation,,1
241,2025-08-26,Sunset,9th,Clove,6,13,Loss,0,-7,19,11,17,5,0.6470588235294118,0.5789473684210527,0.8947368421052632,0.2631578947368421,-30,0.09,177,446,0,Regulation,,1
242,2025-08-26,Bind,3rd,Clove,13,3,Win,1,10,16,13,8,4,1.625,0.8125,0.5,0.25,19,0.05,226,815,0,Regulation,,1
243,2025-08-26,Sunset,6th,Clove,12,14,Loss,0,-2,26,16,23,7,0.6956521739130435,0.6153846153846154,0.8846153846153846,0.2692307692307692,-50,0.05,191,434,0,Overtime,,1
244,2025-08-27,Lotus,10th,Sage,7,13,Loss,0,-6,20,8,15,4,0.5333333333333333,0.4,0.75,0.2,-50,0.14,121,130,0,Regulation,,1
245,2025-08-27,Sunset,9th,Clove,4,13,Loss,0,-9,17,6,18,3,0.3333333333333333,0.35294117647058826,1.0588235294117647,0.17647058823529413,-105,0.06,113,100,0,Regulation,,1
246,2025-08-28,Haven,8th,Clove,13,0,Win,1,13,13,7,6,3,1.1666666666666667,0.5384615384615384,0.46153846153846156,0.23076923076923078,-18,0.12,117,553,0,Regulation,,1
247,2025-08-29,Bind,3rd,Clove,2,13,Loss,0,-11,15,14,16,3,0.875,0.9333333333333333,1.0666666666666667,0.2,-19,0.06,293,543,0,Regulation,,1
248,2025-08-29,Bind,8th,Clove,7,13,Loss,0,-6,20,9,20,6,0.45,0.45,1.0,0.3,-90,0.05,145,144,0,Regulation,,1
249,2025-08-30,Sunset,5th,Clove,10,13,Loss,0,-3,23,20,16,4,1.25,0.8695652173913043,0.6956521739130435,0.17391304347826086,12,0.11,224,713,0,Regulation,,1
250,2025-08-30,Abyss,9th,Deadlock,7,13,Loss,0,-6,20,8,14,4,0.5714285714285714,0.4,0.7,0.2,-37,0.05,124,177,0,Regulation,,1
251,2026-08-08,Sunset,3rd,Sage,13,9,Win,1,4,22,21,8,4,2.625,0.9545454545454546,0.36363636363636365,0.18181818181818182,44,0.08,248,798,0,Regulation,,1
252,2026-08-08,Haven,MVP,Clove,13,4,Win,1,9,17,19,8,6,2.375,1.1176470588235294,0.47058823529411764,0.35294117647058826,90,0.11,314,934,0,Regulation,,1
253,2026-08-08,Breeze,4th,Sage,7,13,Loss,0,-6,20,19,15,8,1.2666666666666666,0.95,0.75,0.4,19,0.12,273,767,0,Regulation,,1
254,2026-08-09,Haven,9th,Sage,4,11,Loss,0,-7,15,7,12,3,0.5833333333333334,0.4666666666666667,0.8,0.2,-74,0.06,125,180,0,Surrender,Player Team,1
255,2026-08-10,Split,4th,Sage,13,5,Win,1,8,18,15,9,7,1.6666666666666667,0.8333333333333334,0.5,0.3888888888888889,36,0.06,230,843,0,Regulation,,1
256,2026-08-11,Ascent,3rd,Clove,13,2,Win,1,11,15,16,5,5,3.2,1.0666666666666667,0.3333333333333333,0.3333333333333333,73,0.07,277,930,0,Regulation,,1
257,2026-08-11,Ascent,6th,Clove,13,8,Win,1,5,21,17,17,9,1.0,0.8095238095238095,0.8095238095238095,0.42857142857142855,-8,0.06,213,724,0,Regulation,,1
258,2026-08-12,Haven,5th,Clove,13,5,Win,1,8,18,11,10,9,1.1,0.6111111111111112,0.5555555555555556,0.5,6,0.08,182,673,0,Regulation,,1
259,2026-08-12,Sunset,2nd,Sage,6,13,Loss,0,-7,19,20,16,5,1.25,1.0526315789473684,0.8421052631578947,0.2631578947368421,38,0.02,322,796,0,Regulation,,1
260,2026-08-12,Breeze,7th,Clove,13,13,Draw,,0,26,18,22,6,0.8181818181818182,0.6923076923076923,0.8461538461538461,0.23076923076923078,-27,0.03,211,499,0,Overtime Draw,,0
261,2026-08-13,Breeze,4th,Clove,1,13,Loss,0,-12,14,10,14,2,0.7142857142857143,0.7142857142857143,1.0,0.14285714285714285,-25,0.09,250,405,0,Regulation,,1
262,2026-08-14,Split,2nd,Sage,13,5,Win,1,8,18,20,10,9,2.0,1.1111111111111112,0.5555555555555556,0.5,51,0.12,283,928,0,Regulation,,1
263,2026-08-15,Haven,5th,Clove,12,14,Loss,0,-2,26,21,23,10,0.9130434782608695,0.8076923076923077,0.8846153846153846,0.38461538461538464,-15,0.03,236,644,0,Overtime,,1
264,2026-08-15,Split,10th,Sage,7,13,Loss,0,-6,20,6,16,9,0.375,0.3,0.8,0.45,-54,0.04,122,347,0,Regulation,,1
265,2026-08-15,Ascent,4th,Killjoy,13,10,Win,1,3,23,18,16,8,1.125,0.782608695652174,0.6956521739130435,0.34782608695652173,27,0.08,247,766,0,Regulation,,1
266,2026-08-16,Summit,10th,Clove,13,15,Loss,0,-2,28,11,20,4,0.55,0.39285714285714285,0.7142857142857143,0.14285714285714285,-51,0.02,115,292,0,Overtime,,1
267,2026-08-16,Breeze,10th,Sage,6,13,Loss,0,-7,19,3,15,6,0.2,0.15789473684210525,0.7894736842105263,0.3157894736842105,-84,0.14,83,100,0,Regulation,,1
268,2026-08-17,Breeze,3rd,Sage,10,13,Loss,0,-3,23,21,17,10,1.2352941176470589,0.9130434782608695,0.7391304347826086,0.43478260869565216,-4,0.06,257,744,0,Regulation,,1
269,2026-08-18,Summit,6th,Sage,6,13,Loss,0,-7,19,15,13,8,1.1538461538461537,0.7894736842105263,0.6842105263157895,0.42105263157894735,-22,0.05,218,352,0,Regulation,,1
270,2026-08-19,Split,10th,Clove,5,13,Loss,0,-8,18,5,11,3,0.45454545454545453,0.2777777777777778,0.6111111111111112,0.16666666666666666,-54,0.04,82,100,0,Regulation,,1
271,2026-08-23,Split,8th,Sage,10,13,Loss,0,-3,23,11,16,7,0.6875,0.4782608695652174,0.6956521739130435,0.30434782608695654,-39,0.03,142,411,0,Regulation,,1
272,2026-08-25,Haven,2nd,Sage,0,5,Loss,0,-5,5,6,5,0,1.2,1.2,1.0,0.0,21,0.17,331,534,0,Surrender,Player Team,1
273,2026-08-26,Lotus,7th,Breach,9,13,Loss,0,-4,22,14,19,6,0.7368421052631579,0.6363636363636364,0.8636363636363636,0.2727272727272727,-29,0.06,194,449,0,Regulation,,1
274,2026-08-26,Lotus,2nd,Sage,8,13,Loss,0,-5,21,25,15,3,1.6666666666666667,1.1904761904761905,0.7142857142857143,0.14285714285714285,14,0.09,327,752,0,Regulation,,1
275,2026-08-27,Haven,MVP,Sage,13,4,Win,1,9,17,22,10,4,2.2,1.2941176470588236,0.5882352941176471,0.23529411764705882,60,0.03,339,976,0,Regulation,,1
276,2026-08-27,Sunset,MVP,Sage,13,11,Win,1,2,24,26,11,11,2.3636363636363638,1.0833333333333333,0.4583333333333333,0.4583333333333333,84,0.02,302,943,0,Regulation,,1
277,2026-08-28,Sunset,3rd,Clove,3,13,Loss,0,-10,16,14,13,2,1.0769230769230769,0.875,0.8125,0.125,-14,0.06,248,479,0,Regulation,,1
278,2026-08-28,Ascent,2nd,Deadlock,13,7,Win,1,6,20,21,10,4,2.1,1.05,0.5,0.2,58,0.09,273,929,0,Regulation,,1
279,2026-08-29,Lotus,8th,Clove,13,1,Win,1,12,14,6,4,2,1.5,0.42857142857142855,0.2857142857142857,0.14285714285714285,23,0.07,112,651,0,Regulation,,1
280,2026-08-29,Ascent,6th,Sage,14,14,Draw,,0,28,19,19,10,1.0,0.6785714285714286,0.6785714285714286,0.35714285714285715,-26,0.08,204,502,0,Overtime Draw,,0
281,2026-08-29,Split,9th,Sage,13,2,Win,1,11,15,7,7,2,1.0,0.4666666666666667,0.4666666666666667,0.13333333333333333,-6,0.03,140,611,0,Regulation,,1
282,2026-08-29,Sunset,10th,Sage,9,13,Loss,0,-4,22,5,17,7,0.29411764705882354,0.22727272727272727,0.7727272727272727,0.3181818181818182,-96,0.05,75,114,0,Regulation,,1
283,2026-08-29,Summit,9th,Sage,9,3,Win,1,6,12,6,8,3,0.75,0.5,0.6666666666666666,0.25,-59,0.04,112,258,0,Surrender,Opponent Team,1
284,2026-08-30,Split,5th,Sage,13,6,Win,1,7,19,15,13,4,1.1538461538461537,0.7894736842105263,0.6842105263157895,0.21052631578947367,16,0.08,236,750,0,Regulation,,1
285,2026-08-30,Abyss,3rd,Clove,13,8,Win,1,5,21,23,14,2,1.6428571428571428,1.0952380952380953,0.6666666666666666,0.09523809523809523,7,0.04,265,753,0,Regulation,,1
286,2026-08-30,Haven,MVP,Sage,13,10,Win,1,3,23,32,12,8,2.6666666666666665,1.391304347826087,0.5217391304347826,0.34782608695652173,129,0.05,409,907,0,Regulation,,1
287,2026-09-01,Haven,8th,Sage,8,13,Loss,0,-5,21,9,18,6,0.5,0.42857142857142855,0.8571428571428571,0.2857142857142857,-42,0.08,149,277,0,Regulation,,1
288,2026-09-03,Summit,9th,Clove,5,13,Loss,0,-8,18,10,16,9,0.625,0.5555555555555556,0.8888888888888888,0.5,-83,0.05,152,269,0,Regulation,,1
289,2026-09-04,Sunset,8th,Sage,13,11,Win,1,2,24,13,15,8,0.8666666666666667,0.5416666666666666,0.625,0.3333333333333333,-10,0.04,183,427,0,Regulation,,1
290,2026-09-05,Abyss,6th,Skye,7,13,Loss,0,-6,20,12,14,6,0.8571428571428571,0.6,0.7,0.3,11,0.1,193,520,0,Regulation,,1
291,2026-09-15,Split,5th,Sage,13,5,Win,1,8,18,15,10,7,1.5,0.8333333333333334,0.5555555555555556,0.3888888888888889,-7,0.03,211,702,0,Regulation,,1
292,2026-09-19,Ascent,6th,Clove,13,5,Win,1,8,18,12,10,8,1.2,0.6666666666666666,0.5555555555555556,0.4444444444444444,16,0.05,191,709,0,Regulation,,1
293,2026-09-19,Lotus,9th,Sage,6,13,Loss,0,-7,19,10,15,2,0.6666666666666666,0.5263157894736842,0.7894736842105263,0.10526315789473684,-72,0.06,130,107,0,Regulation,,1
294,2026-09-20,Ascent,6th,Skye,9,13,Loss,0,-4,22,16,16,5,1.0,0.7272727272727273,0.7272727272727273,0.22727272727272727,-20,0.05,201,524,0,Regulation,,1
295,2026-09-20,Abyss,5th,Astra,13,8,Win,1,5,21,18,15,5,1.2,0.8571428571428571,0.7142857142857143,0.23809523809523808,14,0.12,237,675,0,Regulation,,1
296,2026-09-20,Haven,4th,Clove,13,13,Draw,,0,26,20,24,8,0.8333333333333334,0.7692307692307693,0.9230769230769231,0.3076923076923077,-39,0.02,219,566,0,Overtime Draw,,0
297,2026-09-20,Haven,8th,Sage,13,7,Win,1,6,20,14,12,3,1.1666666666666667,0.7,0.6,0.15,9,0.11,180,606,0,Regulation,,1
