Match id,Date,Map,Agent,previous_matches,previous_win_rate,previous_kd,recent_5_win_rate,recent_10_win_rate,recent_5_kd,recent_10_kd,recent_5_acs,recent_10_acs,agent_previous_matches,agent_previous_win_rate,agent_previous_kd,agent_previous_acs,map_previous_matches,map_previous_win_rate,map_previous_kd,agent_map_previous_matches,agent_map_previous_win_rate,agent_map_previous_kd,agent_usage_frequency,agent_recency,agent_familiarity,Result,Win Flag,Binary Target Eligible
1,2024-11-07,Sunset,Sage,0,,,,,,,,,0,,,,0,,,0,,,,,New,Loss,0.0,1
2,2024-11-07,Split,Clove,1,0.0,1.0,0.0,0.0,1.0,1.0,210.0,210.0,0,,,,0,,,0,,,0.0,,New,Loss,0.0,1
3,2024-11-08,Pearl,Clove,2,0.0,0.92,0.0,0.0,0.92,0.92,163.5,163.5,1,0.0,0.7777777777777778,117.0,0,,,0,,,0.5,1.0,Very Low,Win,1.0,1
4,2024-11-08,Sunset,Sage,3,0.3333333333333333,1.075,0.3333333333333333,0.3333333333333333,1.075,1.075,185.33333333333334,185.33333333333334,1,0.0,1.0,210.0,1,0.0,1.0,1,0.0,1.0,0.3333333333333333,3.0,Very Low,Loss,0.0,1
5,2024-11-09,Haven,Clove,4,0.25,1.0363636363636364,0.25,0.25,1.0363636363636364,1.0363636363636364,198.25,198.25,2,0.5,1.125,173.0,0,,,0,,,0.5,2.0,Very Low,Loss,0.0,1
6,2024-11-09,Pearl,Sage,5,0.2,0.9295774647887324,0.2,0.2,0.9295774647887324,0.9295774647887324,191.2,191.2,2,0.0,0.967741935483871,223.5,1,1.0,1.3333333333333333,0,,,0.4,2.0,Very Low,Loss,0.0,1
7,2024-11-09,Pearl,Breach,6,0.16666666666666666,0.8295454545454546,0.2,0.16666666666666666,0.7916666666666666,0.8295454545454546,169.6,176.33333333333334,0,,,,2,0.5,0.84375,0,,,0.0,,New,Win,1.0,1
8,2024-11-10,Abyss,Sage,7,0.2857142857142857,0.801980198019802,0.4,0.2857142857142857,0.7631578947368421,0.801980198019802,170.6,168.57142857142858,3,0.0,0.7708333333333334,183.0,0,,,0,,,0.42857142857142855,2.0,Very Low,Loss,0.0,1
9,2024-11-10,Ascent,Sage,8,0.25,0.8083333333333333,0.2,0.25,0.675,0.8083333333333333,164.4,172.25,4,0.0,0.7910447761194029,186.75,0,,,0,,,0.5,1.0,Very Low,Win,1.0,1
10,2024-11-11,Split,Sage,9,0.3333333333333333,0.864,0.4,0.3333333333333333,0.7285714285714285,0.864,163.0,178.66666666666666,5,0.2,0.8888888888888888,195.4,1,0.0,0.7777777777777778,0,,,0.5555555555555556,1.0,Low,Loss,0.0,1
11,2024-11-11,Ascent,Sage,10,0.3,0.7916666666666666,0.4,0.3,0.6575342465753424,0.7916666666666666,149.6,170.4,6,0.16666666666666666,0.7692307692307693,178.83333333333334,1,1.0,2.2,1,1.0,2.2,0.6,1.0,Low,Win,1.0,1
12,2024-11-11,Haven,Clove,11,0.36363636363636365,0.7239263803680982,0.6,0.4,0.6,0.6938775510204082,142.2,155.9,3,0.3333333333333333,0.9,169.66666666666666,1,0.0,0.5625,1,0.0,0.5625,0.2727272727272727,7.0,Very Low,Win,1.0,1
13,2024-11-11,Bind,Clove,12,0.4166666666666667,0.7458563535911602,0.6,0.5,0.675,0.717948717948718,157.2,163.9,4,0.5,0.9137931034482759,176.5,0,,,0,,,0.3333333333333333,1.0,Very Low,Win,1.0,1
14,2024-11-18,Pearl,Clove,13,0.46153846153846156,0.7354497354497355,0.8,0.5,0.6086956521739131,0.6442953020134228,131.0,147.7,5,0.6,0.8636363636363636,154.6,3,0.6666666666666666,0.7777777777777778,1,1.0,1.3333333333333333,0.38461538461538464,1.0,Low,Loss,0.0,1
15,2024-11-22,Pearl,Clove,14,0.42857142857142855,0.7058823529411765,0.6,0.5,0.45569620253164556,0.5838926174496645,100.8,131.9,6,0.5,0.7654320987654321,142.0,4,0.5,0.6666666666666666,2,0.5,0.8333333333333334,0.42857142857142855,1.0,Low,Loss,0.0,1
16,2024-11-22,Ascent,Sage,15,0.4,0.6785714285714286,0.6,0.5,0.475,0.5620915032679739,101.4,125.5,7,0.2857142857142857,0.6727272727272727,162.57142857142858,2,1.0,0.625,2,1.0,0.625,0.4666666666666667,5.0,Low,Win,1.0,1
17,2024-11-22,Ascent,Clove,16,0.4375,0.6869565217391305,0.6,0.6,0.5970149253731343,0.5985915492957746,108.4,125.3,7,0.42857142857142855,0.693069306930693,135.85714285714286,3,1.0,0.7,0,,,0.4375,2.0,Low,Loss,0.0,1
18,2024-11-23,Bind,Clove,17,0.4117647058823529,0.6956521739130435,0.4,0.5,0.5694444444444444,0.625,116.2,136.7,8,0.375,0.7096774193548387,148.375,1,1.0,0.5,1,1.0,0.5,0.47058823529411764,1.0,Low,Loss,0.0,1
19,2024-11-24,Pearl,Reyna,18,0.3888888888888889,0.6970802919708029,0.2,0.5,0.611764705882353,0.6103896103896104,142.0,136.5,0,,,,5,0.4,0.6,0,,,0.0,,New,Loss,0.0,1
20,2024-11-28,Haven,Clove,19,0.3684210526315789,0.6912280701754386,0.2,0.4,0.654320987654321,0.55625,153.0,126.9,9,0.3333333333333333,0.7103448275862069,153.66666666666666,2,0.5,0.7647058823529411,2,0.5,0.7647058823529411,0.47368421052631576,2.0,Low,Win,1.0,1
21,2024-11-28,Abyss,Breach,20,0.4,0.6710526315789473,0.4,0.5,0.65,0.5625,149.6,125.5,1,1.0,0.6153846153846154,122.0,1,0.0,0.8421052631578947,0,,,0.05,14.0,Very Low,Loss,0.0,1
22,2024-11-29,Split,Breach,21,0.38095238095238093,0.6782334384858044,0.2,0.4,0.6551724137931034,0.6298701298701299,163.6,136.0,2,0.5,0.7307692307692307,146.0,2,0.0,0.4642857142857143,0,,,0.09523809523809523,1.0,Very Low,Loss,0.0,1
23,2024-12-03,Bind,Clove,22,0.36363636363636365,0.6586826347305389,0.2,0.3,0.5432098765432098,0.5555555555555556,131.2,123.7,10,0.4,0.6707317073170732,146.5,2,0.5,0.6551724137931034,2,0.5,0.6551724137931034,0.45454545454545453,3.0,Low,Loss,0.0,1
24,2024-12-10,Abyss,Sage,23,0.34782608695652173,0.6946778711484594,0.2,0.2,0.6867469879518072,0.6488095238095238,152.2,147.1,8,0.375,0.6896551724137931,154.75,2,0.0,0.84375,1,0.0,0.8421052631578947,0.34782608695652173,8.0,Low,Loss,0.0,1
25,2024-12-10,Pearl,Clove,24,0.3333333333333333,0.6943699731903485,0.2,0.2,0.7045454545454546,0.6804733727810651,166.2,159.6,11,0.36363636363636365,0.7379679144385026,160.54545454545453,6,0.3333333333333333,0.5934065934065934,3,0.3333333333333333,0.66,0.4583333333333333,2.0,Low,Win,1.0,1
26,2024-12-12,Abyss,Clove,25,0.36,0.6768447837150128,0.2,0.3,0.6966292134831461,0.6745562130177515,169.0,159.3,12,0.4166666666666667,0.7004830917874396,155.16666666666666,3,0.0,0.7916666666666666,0,,,0.48,1.0,Low,Win,1.0,1
27,2024-12-17,Sunset,Clove,26,0.38461538461538464,0.6840796019900498,0.4,0.3,0.7058823529411765,0.6802325581395349,167.8,165.7,13,0.46153846153846156,0.7129629629629629,155.84615384615384,2,0.0,0.967741935483871,0,,,0.5,1.0,Low,Loss,0.0,1
28,2024-12-27,Ascent,Sage,27,0.37037037037037035,0.6627358490566038,0.4,0.3,0.6777777777777778,0.6140350877192983,173.0,152.1,9,0.3333333333333333,0.6893939393939394,160.22222222222223,4,0.75,0.7358490566037735,3,1.0,0.7,0.3333333333333333,4.0,Low,Win,1.0,1
29,2025-01-06,Haven,Sage,28,0.39285714285714285,0.6628175519630485,0.6,0.4,0.5131578947368421,0.6037735849056604,141.8,147.0,10,0.4,0.6879432624113475,158.7,3,0.6666666666666666,0.6226415094339622,0,,,0.35714285714285715,1.0,Low,Win,1.0,1
30,2025-01-06,Haven,Sage,29,0.41379310344827586,0.6794582392776524,0.8,0.5,0.6,0.6582278481012658,133.6,149.9,11,0.45454545454545453,0.7350993377483444,159.0909090909091,4,0.75,0.746031746031746,1,1.0,1.4,0.3793103448275862,1.0,Low,Loss,0.0,1
31,2025-01-06,Split,Sage,30,0.4,0.6681222707423581,0.6,0.4,0.6153846153846154,0.6623376623376623,136.8,152.9,12,0.4166666666666667,0.6987951807228916,155.16666666666666,3,0.0,0.4,1,0.0,0.3157894736842105,0.4,1.0,Low,Loss,0.0,1
32,2025-01-07,Ascent,Sage,31,0.3870967741935484,0.6645161290322581,0.4,0.4,0.5396825396825397,0.6351351351351351,127.8,147.8,13,0.38461538461538464,0.6878612716763006,152.3846153846154,5,0.8,0.7258064516129032,4,1.0,0.6923076923076923,0.41935483870967744,1.0,Low,Win,1.0,1
33,2025-01-07,Sunset,Sage,32,0.40625,0.66875,0.6,0.5,0.7142857142857143,0.6917808219178082,142.0,157.5,14,0.42857142857142855,0.6968085106382979,153.71428571428572,3,0.0,0.6792452830188679,2,0.0,0.967741935483871,0.4375,1.0,Low,Loss,0.0,1
34,2025-01-08,Split,Sage,33,0.3939393939393939,0.6680161943319838,0.4,0.5,0.7049180327868853,0.5985401459854015,145.8,143.8,15,0.4,0.693069306930693,154.4,4,0.0,0.40384615384615385,2,0.0,0.34615384615384615,0.45454545454545453,1.0,Medium,Win,1.0,1
35,2025-01-08,Split,Sage,34,0.4117647058823529,0.6738703339882122,0.4,0.6,0.6363636363636364,0.6176470588235294,144.4,139.0,16,0.4375,0.7050691244239631,154.5,5,0.2,0.5074626865671642,3,0.3333333333333333,0.5365853658536586,0.47058823529411764,1.0,Medium,Win,1.0,1
36,2025-01-08,Pearl,Sage,35,0.42857142857142855,0.6736641221374046,0.6,0.6,0.7121212121212122,0.6641221374045801,154.4,145.6,17,0.47058823529411764,0.7025862068965517,154.94117647058823,7,0.42857142857142855,0.5495495495495496,1,0.0,0.4117647058823529,0.4857142857142857,1.0,Medium,Loss,0.0,1
37,2025-01-11,Lotus,Sage,36,0.4166666666666667,0.6568265682656826,0.6,0.5,0.6103896103896104,0.5785714285714286,139.8,133.8,18,0.4444444444444444,0.664,148.88888888888889,0,,,0,,,0.5,1.0,Medium,Win,1.0,1
38,2025-01-11,Split,Sage,37,0.43243243243243246,0.6672694394213382,0.6,0.6,0.6575342465753424,0.6821705426356589,138.4,140.2,19,0.47368421052631576,0.685823754789272,149.68421052631578,6,0.3333333333333333,0.5365853658536586,4,0.5,0.5714285714285714,0.5135135135135135,1.0,Medium,Loss,0.0,1
39,2025-01-12,Abyss,Sage,38,0.42105263157894735,0.6566371681415929,0.6,0.5,0.5774647887323944,0.6363636363636364,119.4,132.6,20,0.45,0.663003663003663,145.65,4,0.25,0.8245614035087719,2,0.0,0.7714285714285715,0.5263157894736842,1.0,Medium,Win,1.0,1
40,2025-01-12,Fracture,Sage,39,0.4358974358974359,0.6459412780656304,0.6,0.5,0.44285714285714284,0.5367647058823529,95.8,120.1,21,0.47619047619047616,0.6411149825783972,140.52380952380952,0,,,0,,,0.5384615384615384,1.0,Medium,Win,1.0,1
41,2025-01-14,Bind,Sage,40,0.45,0.6363636363636364,0.6,0.6,0.35714285714285715,0.5294117647058824,70.0,112.2,22,0.5,0.6225165562913907,135.63636363636363,3,0.3333333333333333,0.9038461538461539,0,,,0.55,1.0,Medium,Win,1.0,1
42,2025-01-14,Bind,Sage,41,0.4634146341463415,0.6362126245847176,0.8,0.7,0.45,0.5401459854014599,78.2,109.0,23,0.5217391304347826,0.6225806451612903,133.52173913043478,4,0.5,0.8666666666666667,1,1.0,0.625,0.5609756097560976,1.0,Medium,Win,1.0,1
43,2025-02-04,Haven,Sage,42,0.47619047619047616,0.6376811594202898,0.8,0.7,0.39705882352941174,0.5319148936170213,68.6,103.5,24,0.5416666666666666,0.6261398176291794,132.79166666666666,5,0.6,0.6666666666666666,2,0.5,0.76,0.5714285714285714,1.0,Medium,Loss,0.0,1
44,2025-02-16,Haven,Clove,43,0.46511627906976744,0.6384976525821596,0.8,0.7,0.5,0.5379310344827586,85.0,102.2,14,0.42857142857142855,0.6722689075630253,151.85714285714286,6,0.5,0.6666666666666666,3,0.6666666666666666,0.6226415094339622,0.32558139534883723,17.0,Low,Loss,0.0,1
45,2025-02-16,Bind,Breach,44,0.45454545454545453,0.6479514415781487,0.6,0.6,0.6625,0.56,118.4,107.1,3,0.3333333333333333,0.5581395348837209,122.0,5,0.6,0.8227848101265823,0,,,0.06818181818181818,23.0,Very Low,Win,1.0,1
46,2025-02-17,Abyss,Clove,45,0.4666666666666667,0.6467065868263473,0.6,0.6,0.7297297297297297,0.5486111111111112,132.4,101.2,15,0.4,0.6937984496124031,155.4,5,0.4,0.704225352112676,1,1.0,1.0,0.3333333333333333,2.0,Medium,Win,1.0,1
47,2025-02-19,Pearl,Sage,46,0.4782608695652174,0.6477438136826783,0.6,0.7,0.7294117647058823,0.6137931034482759,144.0,111.1,25,0.52,0.6282420749279539,133.52,8,0.375,0.49612403100775193,2,0.0,0.2857142857142857,0.5434782608695652,4.0,Medium,Win,1.0,1
48,2025-02-19,Fracture,Sage,47,0.48936170212765956,0.6594516594516594,0.6,0.7,0.8472222222222222,0.6285714285714286,154.2,111.4,26,0.5384615384615384,0.6515580736543909,134.80769230769232,1,1.0,0.26666666666666666,1,1.0,0.26666666666666666,0.5531914893617021,1.0,Medium,Loss,0.0,1
49,2025-02-19,Lotus,Sage,48,0.4791666666666667,0.6519886363636364,0.6,0.7,0.7846153846153846,0.6330935251798561,136.4,110.7,27,0.5185185185185185,0.6373626373626373,132.11111111111111,1,1.0,1.1818181818181819,1,1.0,1.1818181818181819,0.5625,1.0,Medium,Win,1.0,1
50,2025-02-19,Split,Clove,49,0.4897959183673469,0.6568627450980392,0.8,0.7,0.7636363636363637,0.7037037037037037,128.0,123.2,16,0.4375,0.6931407942238267,154.75,7,0.2857142857142857,0.48936170212765956,1,0.0,0.7777777777777778,0.32653061224489793,4.0,Medium,Win,1.0,1
51,2025-02-20,Abyss,Clove,50,0.5,0.661134163208852,0.8,0.7,0.8363636363636363,0.7751937984496124,135.4,133.9,17,0.47058823529411764,0.7027972027972028,153.88235294117646,6,0.5,0.7,2,1.0,0.7857142857142857,0.34,1.0,Medium,Win,1.0,1
52,2025-02-20,Haven,Sage,51,0.5098039215686274,0.6545698924731183,0.8,0.7,0.7368421052631579,0.7323943661971831,133.4,138.7,28,0.5357142857142857,0.6470588235294118,133.21428571428572,7,0.42857142857142855,0.7155172413793104,3,0.3333333333333333,0.7209302325581395,0.5490196078431373,3.0,Medium,Loss,0.0,1
53,2025-02-20,Lotus,Sage,52,0.5,0.6503957783641161,0.6,0.6,0.5538461538461539,0.708029197080292,114.4,134.3,29,0.5172413793103449,0.6391752577319587,131.10344827586206,2,1.0,1.0952380952380953,2,1.0,1.0952380952380953,0.5576923076923077,1.0,Medium,Loss,0.0,1
54,2025-02-21,Pearl,Sage,53,0.49056603773584906,0.6433203631647212,0.6,0.6,0.5522388059701493,0.6666666666666666,118.2,127.3,30,0.5,0.6259351620947631,129.43333333333334,9,0.4444444444444444,0.562962962962963,3,0.3333333333333333,0.5365853658536586,0.5660377358490566,1.0,Medium,Loss,0.0,1
55,2025-02-21,Bind,Sage,54,0.48148148148148145,0.6510152284263959,0.4,0.6,0.5945945945945946,0.6666666666666666,121.8,124.9,31,0.4838709677419355,0.6411483253588517,131.09677419354838,6,0.6666666666666666,0.7954545454545454,2,1.0,0.6666666666666666,0.5740740740740741,1.0,Medium,Win,1.0,1
56,2025-02-21,Haven,Sage,55,0.4909090909090909,0.6596009975062345,0.4,0.6,0.6455696202531646,0.7238805970149254,148.6,142.0,32,0.5,0.6574074074074074,135.5625,8,0.375,0.6846153846153846,4,0.25,0.6491228070175439,0.5818181818181818,1.0,Medium,Draw,,0
57,2025-02-22,Haven,Clove,56,0.4909090909090909,0.6536585365853659,0.25,0.5555555555555556,0.6447368421052632,0.6842105263157895,137.0,135.2,18,0.5,0.6840390879478827,152.83333333333334,9,0.375,0.6486486486486487,4,0.5,0.7123287671232876,0.32142857142857145,6.0,Medium,Loss,0.0,1
58,2025-02-22,Split,Sage,57,0.48214285714285715,0.6491017964071857,0.25,0.4444444444444444,0.6363636363636364,0.5985915492957746,140.8,127.6,33,0.5,0.6466666666666666,133.78787878787878,8,0.375,0.5339805825242718,5,0.4,0.5,0.5789473684210527,2.0,Medium,Loss,0.0,1
59,2025-02-22,Pearl,Deadlock,58,0.47368421052631576,0.6442080378250591,0.25,0.4444444444444444,0.6533333333333333,0.6056338028169014,136.8,127.5,0,,,,10,0.4,0.6118421052631579,0,,,0.0,,New,Loss,0.0,1
60,2025-02-23,Fracture,Sage,59,0.46551724137931033,0.6307870370370371,0.25,0.3333333333333333,0.42105263157894735,0.5066666666666667,103.4,112.6,34,0.48484848484848486,0.6377440347071583,131.64705882352942,2,0.5,0.23076923076923078,2,0.5,0.23076923076923078,0.576271186440678,2.0,Medium,Win,1.0,1
61,2025-02-23,Bind,Deadlock,60,0.4745762711864407,0.6355353075170843,0.25,0.3333333333333333,0.3815789473684211,0.5161290322580645,82.8,115.7,1,0.0,0.0,14.0,7,0.7142857142857143,0.8431372549019608,0,,,0.016666666666666666,2.0,Very Low,Loss,0.0,1
62,2025-02-24,Lotus,Sage,61,0.4666666666666667,0.6354401805869074,0.2,0.2222222222222222,0.4090909090909091,0.5352112676056338,92.4,114.7,35,0.5,0.6463157894736842,132.77142857142857,3,0.6666666666666666,0.7647058823529411,3,0.6666666666666666,0.7647058823529411,0.5737704918032787,2.0,Medium,Win,1.0,1
63,2025-02-24,Pearl,Sage,62,0.47540983606557374,0.6366666666666667,0.4,0.3333333333333333,0.47692307692307695,0.5633802816901409,101.8,121.3,36,0.5142857142857142,0.6482617586912065,132.91666666666666,11,0.36363636363636365,0.5470588235294118,4,0.25,0.6724137931034483,0.5806451612903226,1.0,Medium,Win,1.0,1
64,2025-02-24,Split,Sage,63,0.4838709677419355,0.6430155210643016,0.6,0.4444444444444444,0.625,0.6412213740458015,115.2,126.0,37,0.5277777777777778,0.659877800407332,132.78378378378378,9,0.3333333333333333,0.5087719298245614,6,0.3333333333333333,0.46835443037974683,0.5873015873015873,1.0,Medium,Win,1.0,1
65,2025-02-25,Lotus,Sage,64,0.49206349206349204,0.648854961832061,0.8,0.5555555555555556,0.9433962264150944,0.6356589147286822,144.8,124.1,38,0.5405405405405406,0.6699604743083004,133.55263157894737,4,0.75,0.75,4,0.75,0.75,0.59375,1.0,Medium,Win,1.0,1
66,2025-02-25,Fracture,Sage,65,0.5,0.6551724137931034,0.8,0.5555555555555556,1.0,0.626984126984127,144.4,113.6,39,0.5526315789473685,0.6808510638297872,134.46153846153845,3,0.6666666666666666,0.475,3,0.6666666666666666,0.475,0.6,1.0,Medium,Win,1.0,1
67,2025-02-25,Abyss,Sage,66,0.5076923076923077,0.662046908315565,1.0,0.6,1.1153846153846154,0.7203389830508474,155.0,123.7,40,0.5641025641025641,0.6925996204933587,135.55,7,0.5714285714285714,0.6486486486486487,3,0.3333333333333333,0.6122448979591837,0.6060606060606061,1.0,High,Loss,0.0,1
68,2025-02-25,Haven,Sage,67,0.5,0.660377358490566,0.8,0.6,1.0555555555555556,0.7394957983193278,153.8,127.8,41,0.55,0.6887661141804788,135.46341463414635,10,0.3333333333333333,0.6257668711656442,5,0.25,0.5866666666666667,0.6119402985074627,1.0,High,Loss,0.0,1
69,2025-02-25,Abyss,Sage,68,0.4925373134328358,0.6625386996904025,0.6,0.6,0.9253731343283582,0.7886178861788617,155.0,135.1,42,0.5365853658536586,0.6917562724014337,135.42857142857142,8,0.5,0.6377952755905512,4,0.25,0.6,0.6176470588235294,1.0,High,Loss,0.0,1
70,2025-02-26,Lotus,Sage,69,0.4852941176470588,0.6622583926754833,0.4,0.6,0.8484848484848485,0.8907563025210085,148.8,146.8,43,0.5238095238095238,0.6905594405594405,135.32558139534885,5,0.8,0.8305084745762712,5,0.8,0.8305084745762712,0.6231884057971014,1.0,High,Loss,0.0,1
71,2025-02-27,Abyss,Deadlock,70,0.4782608695652174,0.6576846307385229,0.2,0.5,0.6891891891891891,0.8145161290322581,137.0,140.7,2,0.0,0.19230769230769232,69.5,9,0.4444444444444444,0.6382978723404256,0,,,0.02857142857142857,10.0,Very Low,Loss,0.0,1
72,2025-02-28,Lotus,Sage,71,0.4714285714285714,0.6571428571428571,0.0,0.5,0.5974025974025974,0.8062015503875969,127.2,141.1,44,0.5116279069767442,0.6818950930626058,134.75,6,0.6666666666666666,0.7307692307692307,6,0.6666666666666666,0.7307692307692307,0.6197183098591549,2.0,High,Win,1.0,1
73,2025-03-02,Bind,Deadlock,72,0.4788732394366197,0.6595538312318138,0.2,0.5,0.6493506493506493,0.816793893129771,126.0,139.9,3,0.0,0.3333333333333333,89.33333333333333,8,0.625,0.8272727272727273,1,0.0,0.625,0.041666666666666664,2.0,Very Low,Loss,0.0,1
74,2025-03-02,Split,Sage,73,0.4722222222222222,0.6593301435406699,0.2,0.4,0.618421052631579,0.7622377622377622,126.4,140.7,45,0.5227272727272727,0.685337726523888,134.55555555555554,10,0.4,0.5658914728682171,7,0.42857142857142855,0.5531914893617021,0.6164383561643836,2.0,High,Loss,0.0,1
75,2025-03-08,Fracture,Clove,74,0.4657534246575342,0.6569274269557022,0.2,0.3,0.5897435897435898,0.7083333333333334,121.0,134.9,19,0.47368421052631576,0.6708074534161491,149.57894736842104,4,0.75,0.64,0,,,0.25675675675675674,18.0,Medium,Win,1.0,1
76,2025-03-08,Lotus,Sage,75,0.47297297297297297,0.6613953488372093,0.4,0.3,0.7123287671232876,0.7006802721088435,134.2,135.6,46,0.5111111111111111,0.680577849117175,133.8913043478261,7,0.7142857142857143,0.7446808510638298,7,0.7142857142857143,0.7446808510638298,0.6133333333333333,2.0,High,Loss,0.0,1
77,2025-03-08,Icebox,Sage,76,0.4666666666666667,0.6657483930211203,0.4,0.2,0.7837837837837838,0.6887417218543046,153.2,140.2,47,0.5,0.6875981161695447,135.80851063829786,0,,,0,,,0.618421052631579,1.0,High,Loss,0.0,1
78,2025-03-09,Lotus,Sage,77,0.4605263157894737,0.6636528028933092,0.2,0.2,0.72,0.6842105263157895,151.4,138.7,48,0.48936170212765956,0.6834862385321101,135.41666666666666,8,0.625,0.7777777777777778,8,0.625,0.7777777777777778,0.6233766233766234,1.0,High,Win,1.0,1
79,2025-03-09,Ascent,Sage,78,0.4675324675324675,0.66875,0.4,0.3,0.8,0.7086092715231788,162.0,144.2,49,0.5,0.6916167664670658,136.51020408163265,6,0.8333333333333334,0.7402597402597403,5,1.0,0.7222222222222222,0.6282051282051282,1.0,High,Loss,0.0,1
80,2025-03-10,Pearl,Sage,79,0.46153846153846156,0.6701846965699209,0.4,0.3,0.8552631578947368,0.7207792207792207,169.8,145.4,50,0.4897959183673469,0.6934306569343066,136.64,12,0.4166666666666667,0.5813953488372093,5,0.4,0.7666666666666667,0.6329113924050633,1.0,High,Win,1.0,1
81,2025-03-11,Split,Sage,80,0.46835443037974683,0.6736292428198434,0.4,0.4,0.8513513513513513,0.782312925170068,167.0,150.6,51,0.5,0.6987087517934003,137.13725490196077,11,0.36363636363636365,0.5586206896551724,8,0.375,0.5454545454545454,0.6375,1.0,High,Loss,0.0,1
82,2025-03-12,Split,Clove,81,0.4625,0.6663807890222985,0.4,0.4,0.6753246753246753,0.7284768211920529,137.0,145.1,20,0.5,0.6845238095238095,150.9,12,0.3333333333333333,0.5185185185185185,2,0.5,0.8888888888888888,0.24691358024691357,7.0,Medium,Win,1.0,1
83,2025-03-12,Ascent,Skye,82,0.4691358024691358,0.6644067796610169,0.6,0.4,0.6756756756756757,0.697986577181208,133.6,142.5,0,,,,7,0.7142857142857143,0.7446808510638298,0,,,0.0,,New,Loss,0.0,1
84,2025-03-13,Pearl,Sage,83,0.4634146341463415,0.6669463087248322,0.4,0.4,0.6388888888888888,0.7210884353741497,128.8,145.4,52,0.49019607843137253,0.6862745098039216,135.92307692307693,13,0.46153846153846156,0.6086956521739131,6,0.5,0.8055555555555556,0.6265060240963856,3.0,High,Draw,,0
85,2025-03-14,Ascent,Sage,84,0.4634146341463415,0.6694214876033058,0.5,0.4444444444444444,0.6575342465753424,0.7583892617449665,131.2,150.5,53,0.49019607843137253,0.6898907103825137,136.28301886792454,8,0.625,0.7641509433962265,6,0.8333333333333334,0.7323943661971831,0.6309523809523809,1.0,High,Loss,0.0,1
86,2025-03-14,Icebox,Sage,85,0.4578313253012048,0.673202614379085,0.25,0.3333333333333333,0.6666666666666666,0.7583892617449665,134.8,150.9,54,0.4807692307692308,0.6957104557640751,137.09259259259258,1,0.0,0.5294117647058824,1,0.0,0.5294117647058824,0.6352941176470588,1.0,High,Loss,0.0,1
87,2025-03-15,Split,Sage,86,0.4523809523809524,0.6752827140549273,0.25,0.3333333333333333,0.8194444444444444,0.7449664429530202,173.8,155.4,55,0.4716981132075472,0.6986842105263158,139.4909090909091,13,0.38461538461538464,0.5170454545454546,9,0.3333333333333333,0.49606299212598426,0.6395348837209303,1.0,High,Win,1.0,1
88,2025-03-15,Lotus,Breach,87,0.4588235294117647,0.6741035856573705,0.25,0.4444444444444444,0.8266666666666667,0.7516778523489933,180.2,156.9,4,0.5,0.5576923076923077,117.25,9,0.6666666666666666,0.8114754098360656,0,,,0.04597701149425287,43.0,Very Low,Win,1.0,1
89,2025-03-15,Pearl,Sage,88,0.46511627906976744,0.6777251184834123,0.5,0.4444444444444444,0.8513513513513513,0.7465753424657534,182.0,155.4,56,0.48148148148148145,0.6962676962676962,139.35714285714286,14,0.46153846153846156,0.6287128712871287,7,0.5,0.8111111111111111,0.6363636363636364,2.0,High,Win,1.0,1
90,2025-03-15,Ascent,Sage,89,0.47126436781609193,0.6851996867658575,0.6,0.5555555555555556,0.9701492537313433,0.8071428571428572,198.4,164.8,57,0.4909090909090909,0.7081218274111675,141.0701754385965,9,0.5555555555555556,0.7916666666666666,7,0.7142857142857143,0.7764705882352941,0.6404494382022472,1.0,High,Win,1.0,1
91,2025-03-15,Fracture,Clove,90,0.4772727272727273,0.6894409937888198,0.8,0.5555555555555556,1.0,0.8201438848920863,198.0,166.4,21,0.5238095238095238,0.6771428571428572,148.47619047619048,5,0.8,0.71875,1,1.0,1.0,0.23333333333333334,9.0,Medium,Win,1.0,1
92,2025-03-16,Ascent,Sage,91,0.48314606741573035,0.6911877394636016,1.0,0.6666666666666666,0.9850746268656716,0.8992805755395683,179.2,176.5,58,0.5,0.7146433041301627,141.70689655172413,10,0.6,0.8244274809160306,8,0.75,0.8229166666666666,0.6373626373626373,2.0,High,Loss,0.0,1
93,2025-03-16,Icebox,Sage,92,0.4777777777777778,0.6895499618611747,0.8,0.5555555555555556,1.0357142857142858,0.916030534351145,181.0,180.6,59,0.49122807017543857,0.7118012422360248,141.6949152542373,2,0.0,0.6774193548387096,2,0.0,0.6774193548387096,0.6413043478260869,1.0,High,Loss,0.0,1
94,2025-03-16,Lotus,Breach,93,0.4725274725274725,0.6892911010558069,0.6,0.5555555555555556,0.9333333333333333,0.8880597014925373,185.8,183.9,5,0.6,0.6507936507936508,128.6,10,0.7,0.8345864661654135,1,1.0,1.0909090909090908,0.053763440860215055,6.0,Low,Win,1.0,1
95,2025-03-16,Pearl,Sage,94,0.4782608695652174,0.6925953627524308,0.6,0.6,0.85,0.9133858267716536,168.2,183.3,60,0.4827586206896552,0.7109756097560975,142.63333333333333,15,0.5,0.676056338028169,8,0.5714285714285714,0.8910891089108911,0.6382978723404256,2.0,High,Loss,0.0,1
96,2025-03-17,Ascent,Sage,95,0.4731182795698925,0.695780903034789,0.4,0.6,0.8253968253968254,0.9133858267716536,173.0,185.5,61,0.4745762711864407,0.7158273381294964,143.60655737704917,11,0.5454545454545454,0.8029197080291971,9,0.6666666666666666,0.7941176470588235,0.6421052631578947,1.0,High,Loss,0.0,1
97,2025-03-17,Icebox,Sage,96,0.46808510638297873,0.6980854197349042,0.2,0.6,0.8679245283018868,0.9333333333333333,194.4,186.8,62,0.4666666666666667,0.7193816884661117,145.83870967741936,3,0.0,0.6739130434782609,3,0.0,0.6739130434782609,0.6458333333333334,1.0,High,Loss,0.0,1
98,2025-03-18,Haven,Sage,97,0.4631578947368421,0.6981818181818182,0.2,0.5,0.875,0.95,201.4,191.2,63,0.45901639344262296,0.7191142191142191,146.31746031746033,11,0.3,0.6404494382022472,6,0.2,0.6222222222222222,0.6494845360824743,1.0,High,Loss,0.0,1
99,2025-03-19,Ascent,Sage,98,0.4583333333333333,0.6949640287769784,0.2,0.4,0.8125,0.8709677419354839,184.0,184.9,64,0.45161290322580644,0.713631156930126,145.765625,12,0.5,0.8194444444444444,10,0.6,0.8165137614678899,0.6530612244897959,1.0,High,Win,1.0,1
100,2025-03-19,Lotus,Breach,99,0.4639175257731959,0.7024320457796852,0.2,0.4,0.9180327868852459,0.8842975206611571,204.8,186.5,6,0.6666666666666666,0.7162162162162162,132.0,11,0.7272727272727273,0.8541666666666666,2,1.0,1.0909090909090908,0.06060606060606061,6.0,Low,Loss,0.0,1
101,2025-03-19,Pearl,Sage,100,0.45918367346938777,0.7025495750708215,0.2,0.3,0.8524590163934426,0.8387096774193549,195.8,184.4,65,0.4603174603174603,0.7253121452894438,147.41538461538462,16,0.4666666666666667,0.6960352422907489,9,0.5,0.9043478260869565,0.65,2.0,High,Loss,0.0,1
102,2025-03-19,Fracture,Breach,101,0.45454545454545453,0.702247191011236,0.2,0.2,0.7878787878787878,0.8235294117647058,171.2,182.8,7,0.5714285714285714,0.7159090909090909,135.57142857142858,6,0.8333333333333334,0.7407407407407407,0,,,0.06930693069306931,2.0,Low,Win,1.0,1
103,2025-03-20,Haven,Breach,102,0.46,0.6974323386537127,0.4,0.3,0.6818181818181818,0.7769230769230769,153.8,177.6,8,0.625,0.6476190476190476,129.75,12,0.2727272727272727,0.6217616580310881,0,,,0.0784313725490196,1.0,Low,Win,1.0,1
104,2025-03-20,Fracture,Sage,103,0.46534653465346537,0.7024793388429752,0.6,0.4,0.8709677419354839,0.8412698412698413,179.4,181.7,66,0.453125,0.7245240761478163,147.5909090909091,7,0.8571428571428571,0.6632653061224489,4,0.75,0.64,0.6407766990291263,3.0,High,Win,1.0,1
105,2025-03-21,Split,Sage,104,0.47058823529411764,0.7032213845099383,0.6,0.4,0.7213114754098361,0.819672131147541,155.0,179.9,67,0.46153846153846156,0.7255555555555555,147.34328358208955,14,0.42857142857142855,0.5233160621761658,10,0.4,0.5069444444444444,0.6442307692307693,1.0,High,Win,1.0,1
106,2025-03-21,Icebox,Sage,105,0.47572815533980584,0.7137042062415196,0.8,0.5,0.967741935483871,0.9105691056910569,180.4,188.1,68,0.4696969696969697,0.7420765027322405,149.35294117647058,4,0.0,0.6825396825396826,4,0.0,0.6825396825396826,0.6476190476190476,1.0,High,Win,1.0,1
107,2025-03-21,Ascent,Sage,106,0.4807692307692308,0.7128446536650975,1.0,0.6,0.9523809523809523,0.8682170542635659,168.8,170.0,69,0.47761194029850745,0.740301724137931,148.65217391304347,13,0.5384615384615384,0.881578947368421,11,0.6363636363636364,0.8974358974358975,0.6509433962264151,1.0,High,Loss,0.0,1
108,2025-03-21,Fracture,Sage,107,0.47619047619047616,0.7107712765957447,0.8,0.6,1.0158730158730158,0.8449612403100775,185.0,169.4,70,0.47058823529411764,0.7365079365079366,148.95714285714286,8,0.875,0.6761904761904762,5,0.8,0.6666666666666666,0.6542056074766355,1.0,High,Loss,0.0,1
109,2025-03-21,Lotus,Breach,108,0.4716981132075472,0.7162606978275181,0.6,0.6,1.0149253731343284,0.9457364341085271,175.0,177.2,9,0.6666666666666666,0.7155172413793104,141.88888888888889,12,0.6666666666666666,0.8417721518987342,3,0.6666666666666666,0.9444444444444444,0.08333333333333333,6.0,Low,Loss,0.0,1
110,2025-03-21,Pearl,Sage,109,0.4672897196261682,0.7154046997389034,0.4,0.5,0.958904109589041,0.8507462686567164,172.8,163.9,71,0.463768115942029,0.7447916666666666,149.5211267605634,17,0.4375,0.694560669456067,10,0.4444444444444444,0.8818897637795275,0.6513761467889908,2.0,High,Win,1.0,1
111,2025-03-22,Split,Clove,110,0.4722222222222222,0.7166991552956465,0.4,0.6,0.7846153846153846,0.8740157480314961,140.6,160.5,22,0.5454545454545454,0.6839237057220708,149.6818181818182,15,0.4666666666666667,0.6105769230769231,3,0.6666666666666666,0.71875,0.2,20.0,Medium,Loss,0.0,1
112,2025-03-22,Pearl,Sage,111,0.46788990825688076,0.7134615384615385,0.2,0.6,0.726027397260274,0.8308823529411765,144.8,156.8,72,0.4714285714285714,0.7466390899689762,149.15277777777777,18,0.47058823529411764,0.7032520325203252,11,0.5,0.8880597014925373,0.6486486486486487,2.0,High,Loss,0.0,1
113,2025-03-22,Lotus,Sage,112,0.4636363636363636,0.7078580481622306,0.2,0.5,0.6486486486486487,0.8175182481751825,130.0,157.5,73,0.4647887323943662,0.7370558375634517,148.42465753424656,13,0.6153846153846154,0.8245614035087719,9,0.6666666666666666,0.8114754098360656,0.6517857142857143,1.0,High,Loss,0.0,1
114,2025-03-23,Fracture,Sage,113,0.4594594594594595,0.7087256748273697,0.2,0.4,0.5540540540540541,0.7730496453900709,121.0,148.0,74,0.4583333333333333,0.738,148.36486486486487,9,0.7777777777777778,0.75,6,0.6666666666666666,0.7916666666666666,0.6548672566371682,1.0,High,Win,1.0,1
115,2025-03-23,Haven,Sage,114,0.4642857142857143,0.7085678549093183,0.4,0.4,0.5522388059701493,0.7642857142857142,111.8,142.3,75,0.4657534246575342,0.7375745526838966,147.37333333333333,13,0.3333333333333333,0.6617647058823529,7,0.16666666666666666,0.5904761904761905,0.6578947368421053,1.0,High,Loss,0.0,1
116,2025-03-23,Ascent,Sage,115,0.46017699115044247,0.706650093225606,0.2,0.3,0.4857142857142857,0.6296296296296297,98.4,119.5,76,0.4594594594594595,0.734251968503937,146.17105263157896,14,0.5,0.8461538461538461,12,0.5833333333333334,0.8507462686567164,0.6608695652173913,1.0,High,Win,1.0,1
117,2025-03-29,Pearl,Sage,116,0.4649122807017544,0.707332101047443,0.4,0.3,0.5555555555555556,0.6470588235294118,98.6,121.7,77,0.4666666666666667,0.7349514563106796,145.87012987012986,19,0.4444444444444444,0.6704545454545454,12,0.45454545454545453,0.8092105263157895,0.6637931034482759,1.0,High,Loss,0.0,1
118,2025-03-30,Ascent,Sage,117,0.4608695652173913,0.7065283709579011,0.4,0.3,0.6721311475409836,0.6592592592592592,103.4,116.7,78,0.4605263157894737,0.7332695984703633,145.53846153846155,15,0.5333333333333333,0.8415300546448088,13,0.6153846153846154,0.8445945945945946,0.6666666666666666,1.0,High,Win,1.0,1
119,2025-03-30,Lotus,Breach,118,0.46551724137931033,0.7111517367458866,0.6,0.4,0.7916666666666666,0.6475409836065574,111.0,116.0,10,0.6,0.7054263565891473,139.7,14,0.5714285714285714,0.8225806451612904,4,0.5,0.8571428571428571,0.0847457627118644,10.0,Low,Loss,0.0,1
120,2025-03-30,Pearl,Breach,119,0.46153846153846156,0.7115268557634279,0.4,0.4,0.7931034482758621,0.664,131.0,121.4,11,0.5454545454545454,0.7103448275862069,142.8181818181818,20,0.42105263157894735,0.6678571428571428,1,1.0,0.6153846153846154,0.09243697478991597,1.0,Low,Win,1.0,1
121,2025-03-30,Icebox,Sage,120,0.4661016949152542,0.7203592814371258,0.6,0.4,1.0819672131147542,0.7633587786259542,177.6,138.0,79,0.4675324675324675,0.7404580152671756,146.0,5,0.2,0.6710526315789473,5,0.2,0.6710526315789473,0.6583333333333333,3.0,High,Draw,,0
122,2025-03-31,Haven,Sage,121,0.4661016949152542,0.721301775147929,0.5,0.4444444444444444,1.0597014925373134,0.8153846153846154,184.0,141.3,80,0.4675324675324675,0.7415730337078652,146.1125,14,0.3076923076923077,0.6495327102803738,8,0.14285714285714285,0.5739130434782609,0.6611570247933884,1.0,High,Loss,0.0,1
123,2025-03-31,Fracture,Sage,122,0.46218487394957986,0.7215709261430246,0.5,0.4444444444444444,1.0895522388059702,0.890625,191.8,147.6,81,0.46153846153846156,0.7416974169741697,146.2716049382716,10,0.8,0.746031746031746,7,0.7142857142857143,0.782051282051282,0.6639344262295082,1.0,High,Draw,,0
124,2025-04-03,Lotus,Sage,123,0.46218487394957986,0.7221577726218097,0.3333333333333333,0.5,0.9397590361445783,0.8854961832061069,182.4,146.7,82,0.46153846153846156,0.7422867513611615,146.1341463414634,15,0.5333333333333333,0.8168316831683168,10,0.6,0.8102189781021898,0.6666666666666666,1.0,High,Win,1.0,1
125,2025-04-05,Fracture,Breach,124,0.4666666666666667,0.7218390804597701,0.6666666666666666,0.5,0.927710843373494,0.8723404255319149,176.6,153.8,12,0.5833333333333334,0.8037974683544303,155.0,11,0.8,0.75,1,1.0,0.29411764705882354,0.0967741935483871,5.0,Low,Win,1.0,1
126,2025-04-06,Lotus,Breach,125,0.47107438016528924,0.7249857061177816,0.6666666666666666,0.625,0.8227848101265823,0.9357142857142857,155.2,166.4,13,0.6153846153846154,0.8323353293413174,157.07692307692307,16,0.5625,0.8073394495412844,5,0.4,0.8307692307692308,0.104,1.0,Low,Win,1.0,1
127,2025-04-07,Ascent,Killjoy,126,0.47540983606557374,0.7242751563388289,0.75,0.625,0.7971014492753623,0.9264705882352942,142.6,163.3,0,,,,16,0.5625,0.8810810810810811,0,,,0.0,,New,Loss,0.0,1
128,2025-04-07,Haven,Killjoy,127,0.4715447154471545,0.7237880496054115,0.75,0.625,0.7794117647058824,0.9333333333333333,139.0,165.4,1,0.0,0.6666666666666666,141.0,15,0.2857142857142857,0.6565217391304348,0,,,0.007874015748031496,1.0,Very Low,Win,1.0,1
129,2025-04-07,Icebox,Killjoy,128,0.47580645161290325,0.7318435754189944,0.8,0.625,0.9848484848484849,0.959731543624161,179.8,181.1,2,0.5,1.1612903225806452,240.0,6,0.2,0.6979166666666666,0,,,0.015625,1.0,Very Low,Win,1.0,1
130,2025-04-08,Fracture,Killjoy,129,0.48,0.7353760445682451,0.8,0.75,1.1636363636363636,1.0217391304347827,184.0,180.3,3,0.6666666666666666,1.2777777777777777,215.33333333333334,12,0.8181818181818182,0.7843137254901961,0,,,0.023255813953488372,1.0,Very Low,Loss,0.0,1
131,2025-04-08,Fracture,Killjoy,130,0.47619047619047616,0.7346600331674958,0.6,0.625,1.0166666666666666,0.9064748201438849,182.8,169.0,4,0.5,1.1,205.5,13,0.75,0.7724550898203593,1,0.0,0.6428571428571429,0.03076923076923077,1.0,Very Low,Loss,0.0,1
132,2025-04-09,Ascent,Killjoy,131,0.47244094488188976,0.7338842975206612,0.4,0.5555555555555556,1.0357142857142858,0.904,177.8,160.2,5,0.4,1.0357142857142858,177.8,17,0.5294117647058824,0.865,1,0.0,0.6666666666666666,0.03816793893129771,1.0,Low,Loss,0.0,1
133,2025-04-09,Pearl,Killjoy,132,0.46875,0.7377049180327869,0.4,0.5555555555555556,1.1785714285714286,0.9596774193548387,192.4,165.7,6,0.3333333333333333,1.0704225352112675,183.83333333333334,21,0.45,0.7201365187713311,0,,,0.045454545454545456,1.0,Low,Loss,0.0,1
134,2025-04-09,Haven,Killjoy,133,0.46511627906976744,0.7409606044252564,0.2,0.5,1.0,0.9922480620155039,170.0,174.9,7,0.2857142857142857,1.053191489361702,190.0,16,0.3333333333333333,0.7195121951219512,1,1.0,1.625,0.05263157894736842,1.0,Low,Win,1.0,1
135,2025-04-10,Split,Killjoy,134,0.46923076923076923,0.7412587412587412,0.2,0.5,0.90625,1.0252100840336134,158.4,171.2,8,0.375,1.04,179.75,16,0.4375,0.5982532751091703,0,,,0.05970149253731343,1.0,Low,Win,1.0,1
136,2025-04-11,Split,Killjoy,135,0.4732824427480916,0.7422625400213447,0.4,0.5,0.9538461538461539,0.984,157.8,170.3,9,0.4444444444444444,1.017391304347826,179.0,17,0.47058823529411764,0.6147540983606558,1,1.0,0.8666666666666667,0.06666666666666667,1.0,Low,Loss,0.0,1
137,2025-04-12,Fracture,Killjoy,136,0.4696969696969697,0.7424483306836248,0.4,0.4,0.9583333333333334,0.9921875,181.6,179.7,10,0.4,0.9921875,179.7,14,0.6923076923076923,0.7630057803468208,2,0.0,0.6,0.07352941176470588,1.0,Low,Win,1.0,1
138,2025-04-12,Pearl,Killjoy,137,0.47368421052631576,0.7407602956705386,0.6,0.5,0.828125,0.9916666666666667,151.0,171.7,11,0.45454545454545453,0.9555555555555556,168.9090909090909,22,0.42857142857142855,0.740506329113924,1,0.0,1.0,0.08029197080291971,1.0,Low,Win,1.0,1
139,2025-04-13,Icebox,Sage,138,0.47761194029850745,0.7359874279727606,0.8,0.5,0.5714285714285714,0.7983193277310925,112.0,141.0,83,0.46835443037974683,0.7415026833631485,146.12048192771084,7,0.3333333333333333,0.7623762376237624,6,0.2,0.6979166666666666,0.6014492753623188,15.0,High,Win,1.0,1
140,2025-04-15,Ascent,Killjoy,139,0.48148148148148145,0.735033836543467,0.8,0.5,0.5483870967741935,0.7301587301587301,108.4,133.4,12,0.5,0.8733333333333333,157.5,18,0.5,0.8883720930232558,2,0.0,0.9333333333333333,0.08633093525179857,2.0,Low,Win,1.0,1
141,2025-04-15,Lotus,Sage,140,0.4852941176470588,0.7406444906444907,0.8,0.6,0.68,0.8347826086956521,131.8,144.8,84,0.475,0.7398230088495575,145.45238095238096,17,0.5882352941176471,0.7982456140350878,11,0.6363636363636364,0.7973856209150327,0.6,2.0,High,Loss,0.0,1
142,2025-04-15,Ascent,Killjoy,141,0.48175182481751827,0.7399588053553038,0.8,0.6,0.6545454545454545,0.8267716535433071,123.6,152.6,13,0.5384615384615384,0.9411764705882353,167.69230769230768,19,0.5263157894736842,0.9357798165137615,3,0.3333333333333333,1.2424242424242424,0.09219858156028368,2.0,Low,Loss,0.0,1
143,2025-04-15,Pearl,Killjoy,142,0.4782608695652174,0.744518103008669,0.6,0.6,0.8507462686567164,0.8396946564885496,166.4,158.7,14,0.5,0.9709302325581395,175.35714285714286,23,0.45454545454545453,0.7129909365558912,2,0.5,0.6578947368421053,0.09859154929577464,1.0,Low,Win,1.0,1
144,2025-04-16,Split,Killjoy,143,0.48201438848920863,0.7406471183013145,0.6,0.7,0.8695652173913043,0.736,179.4,145.7,15,0.5333333333333333,0.91005291005291,170.13333333333333,18,0.4444444444444444,0.622568093385214,2,0.5,0.8214285714285714,0.1048951048951049,1.0,Medium,Win,1.0,1
145,2025-04-16,Ascent,Killjoy,144,0.4857142857142857,0.7429577464788732,0.6,0.7,0.9701492537313433,0.7674418604651163,193.8,151.1,16,0.5625,0.9246231155778895,169.625,20,0.5,0.9578059071729957,4,0.25,1.2307692307692308,0.1111111111111111,1.0,Medium,Win,1.0,1
146,2025-04-16,Haven,Sage,145,0.48936170212765956,0.7441161742613921,0.6,0.7,0.8356164383561644,0.7723577235772358,166.0,148.9,85,0.4691358024691358,0.7386759581881533,145.4470588235294,17,0.375,0.7222222222222222,9,0.125,0.5954198473282443,0.5862068965517241,5.0,High,Win,1.0,1
147,2025-04-17,Split,Killjoy,146,0.49295774647887325,0.7410358565737052,0.8,0.8,0.7727272727272727,0.71900826446281,147.6,135.6,17,0.5882352941176471,0.9278846153846154,168.52941176470588,19,0.47368421052631576,0.6441947565543071,3,0.6666666666666666,0.9210526315789473,0.11643835616438356,2.0,Medium,Win,1.0,1
148,2025-04-17,Ascent,Killjoy,147,0.4965034965034965,0.744796828543112,1.0,0.8,0.7543859649122807,0.8064516129032258,133.4,149.9,18,0.6111111111111112,0.9541284403669725,170.5,21,0.5238095238095238,0.959349593495935,5,0.4,1.1967213114754098,0.12244897959183673,1.0,Medium,Loss,0.0,1
149,2025-04-18,Icebox,Astra,148,0.4930555555555556,0.7441060903732809,0.8,0.7,0.8620689655172413,0.8661417322834646,153.0,166.2,0,,,,8,0.42857142857142855,0.7433628318584071,0,,,0.0,,New,Win,1.0,1
150,2025-04-18,Fracture,Astra,149,0.496551724137931,0.7452135493372607,0.8,0.7,0.8367346938775511,0.9137931034482759,136.8,165.3,1,1.0,3.0,81.0,15,0.7142857142857143,0.7444444444444445,0,,,0.006711409395973154,1.0,Very Low,Win,1.0,1
151,2025-04-18,Pearl,Killjoy,150,0.5,0.7473170731707317,0.8,0.7,0.8679245283018868,0.8492063492063492,144.2,155.1,19,0.5789473684210527,0.9322033898305084,171.78947368421052,24,0.4782608695652174,0.6925287356321839,3,0.6666666666666666,0.5454545454545454,0.12666666666666668,3.0,Medium,Win,1.0,1
152,2025-04-18,Haven,Astra,151,0.5034013605442177,0.7472100921882582,0.8,0.8,0.9811320754716981,0.865546218487395,152.6,150.1,2,1.0,1.2142857142857142,134.5,18,0.4117647058823529,0.6996197718631179,0,,,0.013245033112582781,2.0,Very Low,Win,1.0,1
153,2025-04-20,Lotus,Sage,152,0.5067567567567568,0.7445887445887446,0.8,0.9,0.7377049180327869,0.7457627118644068,133.6,133.5,86,0.47560975609756095,0.7333908541846419,144.37209302325581,18,0.5555555555555556,0.7886178861788617,12,0.5833333333333334,0.783625730994152,0.5657894736842105,7.0,High,Loss,0.0,1
154,2025-04-21,Ascent,Sage,153,0.5033557046979866,0.742966142107773,0.8,0.8,0.7049180327868853,0.7815126050420168,119.4,136.2,87,0.46987951807228917,0.7306711979609176,144.13793103448276,22,0.5,0.9393939393939394,14,0.6428571428571429,0.8933333333333333,0.5686274509803921,1.0,High,Win,1.0,1
155,2025-04-22,Lotus,Sage,154,0.5066666666666667,0.7427622211675368,0.8,0.8,0.6714285714285714,0.7394957983193278,125.4,131.1,88,0.47619047619047616,0.7304128053917439,143.76136363636363,19,0.5263157894736842,0.7727272727272727,13,0.5384615384615384,0.7619047619047619,0.5714285714285714,1.0,High,Loss,0.0,1
156,2025-04-22,Pearl,Sage,155,0.5033112582781457,0.7482286254133207,0.6,0.7,0.7761194029850746,0.8166666666666667,141.0,142.6,89,0.47058823529411764,0.7401837928153717,145.13483146067415,25,0.5,0.6935933147632312,13,0.4166666666666667,0.7916666666666666,0.5741935483870968,1.0,High,Loss,0.0,1
157,2025-04-23,Haven,Killjoy,156,0.5,0.7471857410881801,0.4,0.6,0.7464788732394366,0.8467741935483871,147.4,150.0,20,0.6,0.9230769230769231,167.95,19,0.4444444444444444,0.6832740213523132,2,1.0,1.4090909090909092,0.1282051282051282,6.0,Medium,Win,1.0,1
158,2025-04-23,Icebox,Sage,157,0.5032679738562091,0.7516309412861137,0.4,0.6,0.9701492537313433,0.859375,183.0,158.3,90,0.46511627906976744,0.7384488448844885,144.93333333333334,9,0.5,0.7631578947368421,7,0.3333333333333333,0.6851851851851852,0.5732484076433121,2.0,High,Win,1.0,1
159,2025-04-24,Fracture,Deadlock,158,0.5064935064935064,0.7482678983833718,0.6,0.7,0.9117647058823529,0.813953488372093,179.6,149.5,4,0.0,0.41509433962264153,101.0,16,0.7333333333333333,0.7668393782383419,0,,,0.02531645569620253,86.0,Very Low,Loss,0.0,1
160,2025-04-24,Ascent,Sage,159,0.5032258064516129,0.749885478699038,0.4,0.6,0.9473684210526315,0.815068493150685,203.4,164.4,91,0.47126436781609193,0.7327376116978067,144.5164835164835,23,0.5217391304347826,0.9306569343065694,15,0.6666666666666666,0.88125,0.5723270440251572,2.0,High,Loss,0.0,1
161,2025-04-24,Lotus,Sage,160,0.5,0.75,0.4,0.5,0.7951807228915663,0.7866666666666666,185.0,163.0,92,0.4659090909090909,0.7331730769230769,144.83695652173913,20,0.5,0.8138686131386861,14,0.5,0.8190954773869347,0.575,1.0,High,Loss,0.0,1
162,2025-04-26,Pearl,Deadlock,161,0.4968152866242038,0.7506799637352675,0.4,0.4,0.8513513513513513,0.8,177.2,162.3,5,0.0,0.5492957746478874,126.8,26,0.48,0.6898395721925134,1,0.0,0.0,0.031055900621118012,3.0,Low,Loss,0.0,1
163,2025-04-27,Split,Killjoy,162,0.4936708860759494,0.7493237150586114,0.2,0.3,0.6805555555555556,0.8201438848920863,146.6,164.8,21,0.6190476190476191,0.9501915708812261,173.61904761904762,20,0.5,0.6750902527075813,4,0.75,1.0416666666666667,0.12962962962962962,6.0,Medium,Win,1.0,1
164,2025-04-27,Lotus,Sage,163,0.4968553459119497,0.7557251908396947,0.2,0.4,1.0161290322580645,0.9615384615384616,172.6,176.1,93,0.4606741573033708,0.7344497607655502,144.2258064516129,21,0.47619047619047616,0.8178571428571428,15,0.4666666666666667,0.824390243902439,0.5705521472392638,3.0,High,Loss,0.0,1
165,2025-04-28,Split,Killjoy,164,0.49375,0.7543468568880963,0.2,0.3,0.9166666666666666,0.9338235294117647,157.8,180.6,22,0.6363636363636364,0.9962962962962963,176.5,21,0.5238095238095238,0.7272727272727273,5,0.8,1.2456140350877194,0.13414634146341464,2.0,Medium,Win,1.0,1
166,2025-05-02,Lotus,Sage,165,0.4968944099378882,0.7515445719329215,0.4,0.4,0.803030303030303,0.7986577181208053,147.8,166.4,94,0.45555555555555555,0.7322834645669292,144.35106382978722,22,0.45454545454545453,0.8040540540540541,16,0.4375,0.8054298642533937,0.5696969696969697,2.0,High,Loss,0.0,1
167,2025-05-03,Pearl,Sage,166,0.49382716049382713,0.7513157894736842,0.4,0.4,0.7702702702702703,0.8108108108108109,163.4,170.3,95,0.45054945054945056,0.7320872274143302,144.57894736842104,27,0.46153846153846156,0.6839378238341969,14,0.38461538461538464,0.7759562841530054,0.572289156626506,1.0,High,Loss,0.0,1
168,2025-05-09,Sunset,Clove,167,0.49079754601226994,0.7473867595818815,0.4,0.3,0.6923076923076923,0.6866666666666666,154.2,150.4,23,0.5217391304347826,0.6726804123711341,148.47826086956522,4,0.0,0.6716417910447762,1,0.0,0.2727272727272727,0.1377245508982036,57.0,Medium,Win,1.0,1
169,2025-05-09,Sunset,Deadlock,168,0.49390243902439024,0.7479428323949762,0.4,0.3,0.5365853658536586,0.7430555555555556,136.2,154.4,6,0.0,0.5421686746987951,128.0,5,0.2,0.7,0,,,0.03571428571428571,7.0,Low,Loss,0.0,1
170,2025-05-09,Icebox,Sage,169,0.4909090909090909,0.7479569892473118,0.4,0.3,0.573170731707317,0.7183098591549296,143.2,150.5,96,0.44565217391304346,0.7253846153846154,143.98958333333334,10,0.5555555555555556,0.706766917293233,8,0.42857142857142855,0.6377952755905512,0.5680473372781065,3.0,High,Win,1.0,1
171,2025-05-21,Split,Sage,170,0.4939759036144578,0.747008547008547,0.4,0.4,0.6081081081081081,0.7,145.4,146.6,97,0.45161290322580644,0.7239543726235741,143.89690721649484,22,0.5454545454545454,0.7087378640776699,11,0.45454545454545453,0.6226415094339622,0.5705882352941176,1.0,High,Loss,0.0,1
172,2025-05-22,Lotus,Skye,171,0.49101796407185627,0.7462876537971999,0.4,0.4,0.5974025974025974,0.6821192052980133,137.8,150.6,1,0.0,0.9166666666666666,165.0,23,0.43478260869565216,0.8,0,,,0.005847953216374269,89.0,Very Low,Loss,0.0,1
173,2025-05-22,Haven,Sage,172,0.4880952380952381,0.7460986925347954,0.4,0.4,0.7066666666666667,0.6993464052287581,158.8,156.5,98,0.44680851063829785,0.722972972972973,143.73469387755102,20,0.47368421052631576,0.7186440677966102,10,0.2222222222222222,0.5633802816901409,0.5697674418604651,2.0,High,Win,1.0,1
174,2025-05-22,Split,Sage,173,0.4911242603550296,0.7475809844341607,0.4,0.4,0.7352941176470589,0.6266666666666667,154.0,145.1,99,0.45263157894736844,0.7257100149476831,143.5252525252525,23,0.5217391304347826,0.7055214723926381,12,0.4166666666666667,0.625,0.5722543352601156,1.0,High,Win,1.0,1
175,2025-05-22,Sunset,Skye,174,0.49411764705882355,0.7506297229219143,0.6,0.5,0.8596491228070176,0.6906474820143885,150.0,146.6,2,0.0,0.8076923076923077,179.0,6,0.16666666666666666,0.7083333333333334,0,,,0.011494252873563218,3.0,Very Low,Win,1.0,1
176,2025-05-23,Pearl,Skye,175,0.49707602339181284,0.7504187604690117,0.6,0.5,0.9166666666666666,0.7295081967213115,134.2,139.8,3,0.3333333333333333,0.78125,138.0,28,0.4444444444444444,0.664179104477612,0,,,0.017142857142857144,1.0,Very Low,Loss,0.0,1
177,2025-05-23,Icebox,Breach,176,0.4941860465116279,0.7485453034081463,0.6,0.5,0.8571428571428571,0.6984126984126984,132.4,135.1,14,0.6428571428571429,0.8192090395480226,152.42857142857142,11,0.6,0.6959459459459459,0,,,0.07954545454545454,51.0,Low,Loss,0.0,1
178,2025-05-23,Haven,Sage,177,0.4913294797687861,0.7482430756510955,0.6,0.5,0.8541666666666666,0.7642276422764228,122.2,140.5,100,0.4583333333333333,0.731198808637379,143.8,21,0.5,0.7308970099667774,11,0.3,0.5945945945945946,0.5649717514124294,4.0,High,Win,1.0,1
179,2025-05-24,Ascent,Reyna,178,0.4942528735632184,0.7479440789473685,0.6,0.5,0.7636363636363637,0.7479674796747967,117.4,135.7,1,0.0,0.5454545454545454,134.0,24,0.5,0.9209621993127147,0,,,0.0056179775280898875,160.0,Very Low,Win,1.0,1
180,2025-05-24,Lotus,Sage,179,0.49714285714285716,0.7489762489762489,0.6,0.6,0.6833333333333333,0.7692307692307693,117.8,133.9,101,0.4639175257731959,0.7308259587020649,143.35643564356437,24,0.4166666666666667,0.7962962962962963,17,0.4117647058823529,0.8,0.5642458100558659,2.0,High,Win,1.0,1
181,2025-05-29,Haven,Killjoy,180,0.5,0.7476597476597476,0.6,0.6,0.6521739130434783,0.7606837606837606,125.6,129.9,23,0.6521739130434783,0.9556313993174061,174.2173913043478,22,0.5238095238095238,0.7292993630573248,3,1.0,1.4166666666666667,0.12777777777777777,16.0,Medium,Win,1.0,1
182,2025-05-30,Icebox,Sage,181,0.5028248587570622,0.7458451560599919,0.8,0.7,0.639344262295082,0.7363636363636363,114.8,123.6,102,0.46938775510204084,0.7286652078774617,142.88235294117646,12,0.5454545454545454,0.6956521739130435,9,0.5,0.6338028169014085,0.56353591160221,2.0,High,Loss,0.0,1
183,2025-05-31,Split,Killjoy,182,0.5,0.7435587761674718,0.8,0.7,0.5692307692307692,0.6902654867256637,107.8,115.0,24,0.6666666666666666,0.933993399339934,169.66666666666666,24,0.5416666666666666,0.7280966767371602,6,0.8333333333333334,1.025,0.13186813186813187,2.0,Medium,Loss,0.0,1
184,2025-05-31,Sunset,Sage,183,0.4972067039106145,0.7398081534772182,0.6,0.6,0.45714285714285713,0.592,101.8,109.6,103,0.46464646464646464,0.7247838616714697,142.53398058252426,7,0.2857142857142857,0.7058823529411765,3,0.0,0.8666666666666667,0.5628415300546448,2.0,High,Win,1.0,1
185,2025-06-09,Lotus,Sage,184,0.5,0.7358191193970647,0.6,0.6,0.3291139240506329,0.48201438848920863,78.0,97.9,104,0.47,0.7178393745557925,141.68269230769232,25,0.44,0.7846607669616519,18,0.4444444444444444,0.784,0.5652173913043478,1.0,High,Loss,0.0,1
186,2025-06-09,Ascent,Sage,185,0.4972375690607735,0.734017363851618,0.4,0.5,0.2987012987012987,0.4657534246575342,84.8,105.2,105,0.46534653465346537,0.7147887323943662,141.56190476190477,25,0.52,0.9235880398671097,16,0.625,0.8700564971751412,0.5675675675675675,1.0,High,Loss,0.0,1
187,2025-06-11,Pearl,Fade,186,0.4945054945054945,0.7316118935837246,0.2,0.5,0.33707865168539325,0.46,93.2,104.0,0,,,,29,0.42857142857142855,0.6571428571428571,0,,,0.0,,New,Win,1.0,1
188,2025-06-11,Pearl,Fade,187,0.4972677595628415,0.7339306583560576,0.4,0.6,0.4457831325301205,0.5,119.2,113.5,1,1.0,1.2727272727272727,237.0,30,0.4482758620689655,0.6728538283062645,1,1.0,1.2727272727272727,0.0053475935828877,1.0,Very Low,Win,1.0,1
189,2025-06-12,Lotus,Fade,188,0.5,0.733359133126935,0.6,0.6,0.5365853658536586,0.5,134.0,117.9,2,1.0,0.8928571428571429,190.0,26,0.4230769230769231,0.7698863636363636,0,,,0.010638297872340425,1.0,Very Low,Loss,0.0,1
190,2025-06-12,Sunset,Deadlock,189,0.4972972972972973,0.733256351039261,0.4,0.5,0.6493506493506493,0.48717948717948717,167.4,122.7,7,0.0,0.5757575757575758,137.0,8,0.375,0.628099173553719,1,0.0,0.75,0.037037037037037035,21.0,Low,Loss,0.0,1
191,2025-06-14,Icebox,Sage,190,0.4946236559139785,0.7339449541284404,0.4,0.4,0.7317073170731707,0.5220125786163522,183.0,133.9,106,0.46078431372549017,0.7108183079056866,141.23584905660377,13,0.5,0.6685393258426966,10,0.4444444444444444,0.610062893081761,0.5578947368421052,5.0,High,Loss,0.0,1
192,2025-06-14,Split,Sage,191,0.4919786096256685,0.7369020501138952,0.4,0.3,0.9102564102564102,0.6047904191616766,215.8,154.5,107,0.4563106796116505,0.7164383561643836,142.44859813084113,25,0.52,0.7020057306590258,13,0.46153846153846156,0.6685082872928176,0.5602094240837696,1.0,High,Win,1.0,1
193,2025-06-15,Lotus,Sage,192,0.4946808510638298,0.7418745275888133,0.4,0.4,1.0,0.7160493827160493,222.2,170.7,108,0.46153846153846156,0.7255434782608695,143.62037037037038,27,0.4074074074074074,0.76775956284153,19,0.42105263157894735,0.7642585551330798,0.5625,1.0,High,Loss,0.0,1
194,2025-06-17,Haven,Killjoy,193,0.49206349206349204,0.7428571428571429,0.2,0.4,1.0657894736842106,0.7911392405063291,232.8,183.4,25,0.64,0.8940809968847352,165.64,23,0.5454545454545454,0.7160493827160493,4,1.0,1.173913043478261,0.12953367875647667,11.0,Medium,Win,1.0,1
195,2025-06-18,Pearl,Sage,194,0.49473684210526314,0.7453323375653472,0.4,0.4,1.1375,0.8980891719745223,231.8,199.6,109,0.45714285714285713,0.7274562584118439,144.10091743119267,31,0.4666666666666667,0.671875,15,0.35714285714285715,0.7286432160804021,0.5618556701030928,2.0,High,Win,1.0,1
196,2025-06-18,Haven,Sage,195,0.4973821989528796,0.7469250838613493,0.6,0.5,1.2537313432835822,0.9664429530201343,228.4,205.7,110,0.46226415094339623,0.7303822937625755,144.51818181818183,24,0.5652173913043478,0.7368421052631579,12,0.36363636363636365,0.6024844720496895,0.5641025641025641,1.0,High,Loss,0.0,1
197,2025-06-19,Sunset,Sage,196,0.4947916666666667,0.7480519480519481,0.6,0.5,1.2295081967213115,1.0503597122302157,213.8,214.8,111,0.45794392523364486,0.7325349301397206,145.0,9,0.3333333333333333,0.6546762589928058,4,0.25,0.671875,0.5663265306122449,1.0,High,Win,1.0,1
198,2025-06-19,Sunset,Skye,197,0.49740932642487046,0.7500922849760059,0.6,0.5,1.0952380952380953,1.0422535211267605,197.0,209.6,4,0.25,0.68,133.25,10,0.4,0.6993464052287581,1,1.0,0.6666666666666666,0.02030456852791878,22.0,Very Low,Win,1.0,1
199,2025-06-19,Ascent,Sage,198,0.5,0.7525773195876289,0.8,0.5,1.2142857142857142,1.128787878787879,198.4,215.6,112,0.46296296296296297,0.7363216875411998,145.35714285714286,26,0.5,0.891640866873065,17,0.5882352941176471,0.8241206030150754,0.5656565656565656,2.0,High,Loss,0.0,1
200,2025-06-20,Split,Sage,199,0.49743589743589745,0.7521961932650073,0.6,0.5,1.0925925925925926,1.1194029850746268,183.0,207.4,113,0.45871559633027525,0.735812133072407,145.30088495575222,26,0.5384615384615384,0.739612188365651,14,0.5,0.7409326424870466,0.5678391959798995,1.0,High,Win,1.0,1
201,2025-06-20,Icebox,Sage,200,0.5,0.7561153705732019,0.6,0.6,1.1964285714285714,1.2276422764227641,196.6,212.5,114,0.4636363636363636,0.7428571428571429,146.28947368421052,14,0.46153846153846156,0.7142857142857143,11,0.4,0.6666666666666666,0.57,1.0,High,Win,1.0,1
202,2025-06-20,Icebox,Sage,201,0.5025380710659898,0.7570127504553734,0.8,0.7,1.24,1.2342342342342343,189.0,201.4,115,0.46846846846846846,0.7445019404915912,146.40869565217392,15,0.5,0.7277227722772277,12,0.45454545454545453,0.6830601092896175,0.572139303482587,1.0,High,Loss,0.0,1
203,2025-06-21,Split,Sage,202,0.5,0.7520780628839899,0.6,0.6,0.8448275862068966,0.9752066115702479,161.4,179.2,116,0.4642857142857143,0.735969387755102,145.55172413793105,27,0.5555555555555556,0.7690217391304348,15,0.5333333333333333,0.795,0.5742574257425742,1.0,High,Win,1.0,1
204,2025-06-22,Pearl,Sage,203,0.5025125628140703,0.7517117117117117,0.6,0.7,0.711864406779661,0.9565217391304348,139.6,169.0,117,0.4690265486725664,0.7354060913705583,145.11111111111111,32,0.4838709677419355,0.6821192052980133,16,0.4,0.75,0.5763546798029556,1.0,High,Loss,0.0,1
205,2025-06-22,Ascent,Skye,204,0.5,0.7505376344086021,0.6,0.6,0.6724137931034483,0.875,138.0,160.5,5,0.4,0.8070175438596491,147.2,27,0.48148148148148145,0.8820058997050148,1,0.0,0.9166666666666666,0.024509803921568627,7.0,Low,Draw,,0
206,2025-06-23,Pearl,Sage,205,0.5,0.7501779359430605,0.5,0.5555555555555556,0.5211267605633803,0.8188976377952756,113.4,155.0,118,0.4649122807017544,0.7335009428032684,144.9915254237288,33,0.46875,0.6773504273504274,17,0.375,0.7351598173515982,0.5756097560975609,2.0,High,Win,1.0,1
207,2025-06-23,Icebox,Sage,206,0.5024875621890548,0.7526614620298083,0.5,0.6666666666666666,0.589041095890411,0.8536585365853658,115.4,152.2,119,0.46956521739130436,0.7379612257661038,145.2016806722689,16,0.4666666666666667,0.6696428571428571,13,0.4166666666666667,0.624390243902439,0.5776699029126213,1.0,High,Win,1.0,1
208,2025-06-24,Split,Sage,207,0.504950495049505,0.7575114881583599,0.75,0.6666666666666666,1.0,0.925,158.2,159.8,120,0.47413793103448276,0.746583850931677,146.16666666666666,28,0.5714285714285714,0.7659574468085106,16,0.5625,0.7884615384615384,0.5797101449275363,1.0,High,Win,1.0,1
209,2025-06-25,Haven,Sage,208,0.5073891625615764,0.758972554539057,0.75,0.6666666666666666,1.0597014925373134,0.8968253968253969,170.6,155.1,121,0.47863247863247865,0.7492298213185459,146.2479338842975,25,0.5416666666666666,0.7457627118644068,13,0.3333333333333333,0.630057803468208,0.5817307692307693,1.0,High,Win,1.0,1
210,2025-06-25,Lotus,Killjoy,209,0.5098039215686274,0.760968760968761,1.0,0.7777777777777778,1.2542372881355932,0.9658119658119658,171.8,154.9,26,0.6538461538461539,0.9056047197640118,167.57692307692307,28,0.39285714285714285,0.7736842105263158,0,,,0.12440191387559808,16.0,Medium,Win,1.0,1
211,2025-06-25,Split,Sage,210,0.5121951219512195,0.7619047619047619,1.0,0.7777777777777778,1.4782608695652173,0.8974358974358975,173.0,143.2,122,0.4830508474576271,0.752760736196319,146.172131147541,29,0.5862068965517241,0.7763496143958869,17,0.5882352941176471,0.8054298642533937,0.580952380952381,2.0,High,Win,1.0,1
212,2025-06-25,Haven,Sage,211,0.5145631067961165,0.7602787456445993,1.0,0.7777777777777778,1.1730769230769231,0.832,150.6,133.0,123,0.48739495798319327,0.75,145.45528455284554,26,0.56,0.7617728531855956,14,0.38461538461538464,0.6666666666666666,0.5829383886255924,1.0,High,Loss,0.0,1
213,2025-06-26,Lotus,Sage,212,0.5120772946859904,0.7578910856746445,0.8,0.7777777777777778,0.7777777777777778,0.896551724137931,111.8,135.0,124,0.48333333333333334,0.7459263729631865,144.82258064516128,29,0.41379310344827586,0.7803617571059431,20,0.4,0.7725631768953068,0.5849056603773585,1.0,High,Loss,0.0,1
214,2025-06-26,Bind,Reyna,213,0.5096153846153846,0.7603591160220995,0.6,0.6666666666666666,0.8333333333333334,0.9586776859504132,115.2,142.9,2,0.5,0.7619047619047619,153.5,9,0.5555555555555556,0.8064516129032258,0,,,0.009389671361502348,35.0,Very Low,Loss,0.0,1
215,2025-06-26,Haven,Sage,214,0.507177033492823,0.7615120274914089,0.4,0.6666666666666666,0.7868852459016393,1.0166666666666666,119.2,145.5,125,0.4793388429752066,0.7502994011976047,145.048,27,0.5384615384615384,0.7433155080213903,15,0.35714285714285715,0.6373056994818653,0.5841121495327103,2.0,High,Loss,0.0,1
216,2025-06-28,Ascent,Sage,215,0.5047619047619047,0.7578444747612552,0.2,0.6,0.6052631578947368,0.9344262295081968,106.0,139.5,126,0.47540983606557374,0.7440898345153665,144.4920634920635,28,0.48148148148148145,0.871866295264624,18,0.5555555555555556,0.813953488372093,0.586046511627907,1.0,High,Loss,0.0,1
217,2025-06-28,Icebox,Clove,216,0.5023696682464455,0.7580481192815994,0.0,0.5,0.6790123456790124,0.8721804511278195,124.0,137.3,24,0.5416666666666666,0.6783042394014963,148.41666666666666,17,0.5,0.7319148936170212,0,,,0.1111111111111111,49.0,Medium,Loss,0.0,1
218,2025-07-16,Bind,Sage,217,0.5,0.7559744193874116,0.0,0.4,0.6931818181818182,0.7253521126760564,136.2,124.0,127,0.4715447154471545,0.744593804792519,144.51968503937007,10,0.5,0.8260869565217391,3,1.0,0.8292682926829268,0.5852534562211982,2.0,High,Loss,0.0,1
219,2025-07-19,Lotus,Fade,218,0.49765258215962443,0.7542684968195514,0.0,0.3,0.5604395604395604,0.6620689655172414,124.4,119.8,3,0.6666666666666666,0.8333333333333334,200.33333333333334,30,0.4,0.7975,1,0.0,0.7142857142857143,0.013761467889908258,30.0,Very Low,Loss,0.0,1
220,2025-07-19,Lotus,Sage,219,0.4953271028037383,0.755910755910756,0.0,0.2,0.5806451612903226,0.6623376623376623,139.4,129.3,128,0.46774193548387094,0.7417486971627099,144.28125,31,0.3870967741935484,0.8076923076923077,21,0.38095238095238093,0.7965517241379311,0.5844748858447488,2.0,High,Loss,0.0,1
221,2025-07-20,Haven,Skye,220,0.4930232558139535,0.7564612326043738,0.0,0.1,0.7093023255813954,0.6604938271604939,167.2,136.6,6,0.4,0.7792207792207793,145.16666666666666,28,0.5185185185185185,0.7171717171717171,0,,,0.02727272727272727,16.0,Low,Win,1.0,1
222,2025-07-21,Icebox,Clove,221,0.49537037037037035,0.7542875989445911,0.2,0.1,0.6172839506172839,0.6481481481481481,147.2,135.6,25,0.52,0.667458432304038,147.6,18,0.47058823529411764,0.7098039215686275,1,0.0,0.45,0.11312217194570136,5.0,Medium,Win,1.0,1
223,2025-07-21,Icebox,Killjoy,222,0.4976958525345622,0.7546675401244677,0.4,0.2,0.7073170731707317,0.7,158.2,147.2,27,0.6666666666666666,0.9104046242774566,166.59259259259258,19,0.5,0.717391304347826,1,1.0,2.0,0.12162162162162163,13.0,Medium,Loss,0.0,1
224,2025-07-22,Corrode,Clove,223,0.4954128440366973,0.7572593800978793,0.4,0.2,0.8717948717948718,0.7041420118343196,177.0,150.7,26,0.5384615384615384,0.6742081447963801,148.96153846153845,0,,,0,,,0.11659192825112108,2.0,Medium,Win,1.0,1
225,2025-07-22,Haven,Clove,224,0.4977168949771689,0.7569759896171318,0.6,0.3,0.7974683544303798,0.6802325581395349,160.8,150.1,27,0.5555555555555556,0.6753812636165577,149.03703703703704,29,0.5357142857142857,0.7024390243902439,5,0.4,0.6590909090909091,0.12053571428571429,1.0,Medium,Win,1.0,1
226,2025-07-23,Ascent,Clove,225,0.5,0.7574193548387097,0.8,0.4,0.7926829268292683,0.75,152.6,159.9,28,0.5714285714285714,0.6813417190775681,149.89285714285714,29,0.4642857142857143,0.8677248677248677,1,0.0,0.782608695652174,0.12444444444444444,1.0,Medium,Loss,0.0,1
227,2025-07-24,Sunset,Clove,226,0.497737556561086,0.7544929396662388,0.6,0.4,0.7619047619047619,0.6909090909090909,161.4,154.3,29,0.5517241379310345,0.665314401622718,147.89655172413794,11,0.45454545454545453,0.74375,2,0.5,0.4857142857142857,0.12831858407079647,1.0,Medium,Loss,0.0,1
228,2025-07-24,Corrode,Killjoy,227,0.4954954954954955,0.7538314176245211,0.4,0.4,0.7215189873417721,0.7142857142857143,160.6,159.4,28,0.6428571428571429,0.9273743016759777,168.07142857142858,1,1.0,0.7058823529411765,0,,,0.12334801762114538,5.0,Medium,Loss,0.0,1
229,2025-07-26,Icebox,Fade,228,0.49327354260089684,0.7540514775977121,0.4,0.4,0.6341463414634146,0.75,145.8,161.4,4,0.5,0.896551724137931,208.25,20,0.47368421052631576,0.7465277777777778,0,,,0.017543859649122806,10.0,Very Low,Draw,,0
230,2025-07-28,Bind,Sage,229,0.49327354260089684,0.7538655727358788,0.25,0.4444444444444444,0.6436781609195402,0.7168674698795181,148.2,154.5,129,0.464,0.7428243398392652,144.8217054263566,11,0.45454545454545453,0.7857142857142857,4,0.75,0.7192982456140351,0.5633187772925764,10.0,High,Draw,,0
231,2025-07-29,Haven,Breach,230,0.49327354260089684,0.753527751646284,0.0,0.5,0.6179775280898876,0.7017543859649122,142.6,147.6,15,0.6,0.8105263157894737,151.73333333333332,30,0.5517241379310345,0.7079439252336449,1,1.0,1.3636363636363635,0.06521739130434782,54.0,Medium,Loss,0.0,1
232,2025-07-30,Ascent,Sage,231,0.49107142857142855,0.7552294723696534,0.0,0.375,0.7816091954022989,0.7719298245614035,165.6,163.5,130,0.464,0.7423382519863791,144.8230769230769,30,0.4482758620689655,0.8401015228426396,19,0.5263157894736842,0.811965811965812,0.5627705627705628,2.0,High,Win,1.0,1
233,2025-08-20,Sunset,Sage,232,0.49333333333333335,0.7566137566137566,0.3333333333333333,0.375,0.8641975308641975,0.79375,161.6,161.1,131,0.46825396825396826,0.744920993227991,144.93129770992365,12,0.4166666666666667,0.7329545454545454,5,0.4,0.7564102564102564,0.5646551724137931,1.0,High,Loss,0.0,1
234,2025-08-21,Lotus,Clove,233,0.4911504424778761,0.7553422112109012,0.3333333333333333,0.375,0.8048780487804879,0.7195121951219512,155.6,150.7,30,0.5333333333333333,0.6640471512770137,148.93333333333334,32,0.375,0.8097447795823666,0,,,0.12875536480686695,7.0,Medium,Win,1.0,1
235,2025-08-21,Lotus,Clove,234,0.4933920704845815,0.7555555555555555,0.5,0.375,0.8309859154929577,0.7278481012658228,149.6,148.9,31,0.5483870967741935,0.6673076923076923,148.41935483870967,33,0.3939393939393939,0.8099547511312217,1,1.0,0.8181818181818182,0.13247863247863248,1.0,Medium,Loss,0.0,1
236,2025-08-22,Sunset,Clove,235,0.49122807017543857,0.7546822229045134,0.4,0.25,0.8088235294117647,0.7006369426751592,154.4,148.5,32,0.53125,0.664804469273743,149.0625,13,0.38461538461538464,0.7135416666666666,3,0.3333333333333333,0.5294117647058824,0.13617021276595745,1.0,Medium,Loss,0.0,1
237,2025-08-22,Abyss,Clove,236,0.4890829694323144,0.7538179596823458,0.4,0.25,0.6901408450704225,0.740506329113924,139.2,152.4,33,0.5151515151515151,0.6624548736462094,148.5151515151515,10,0.4,0.6363636363636364,3,1.0,0.6326530612244898,0.13983050847457626,1.0,Medium,Loss,0.0,1
238,2025-08-23,Ascent,Sage,237,0.48695652173913045,0.7541780613795199,0.2,0.25,0.6538461538461539,0.7610062893081762,141.6,151.6,132,0.4645669291338583,0.7427293064876958,144.62121212121212,31,0.4666666666666667,0.849009900990099,20,0.55,0.8278688524590164,0.5569620253164557,5.0,High,Loss,0.0,1
239,2025-08-24,Bind,Clove,238,0.48484848484848486,0.7538648075174296,0.2,0.25,0.6857142857142857,0.75,133.8,144.7,34,0.5,0.6672504378283712,149.1764705882353,12,0.45454545454545453,0.7758620689655172,3,0.3333333333333333,0.9038461538461539,0.14285714285714285,2.0,Medium,Win,1.0,1
240,2025-08-26,Corrode,Sage,239,0.4870689655172414,0.7527173913043478,0.2,0.3333333333333333,0.625,0.7272727272727273,124.6,137.1,133,0.4609375,0.7422048997772829,144.02255639097746,2,0.5,0.75,0,,,0.5564853556485355,2.0,High,Win,1.0,1
241,2025-08-26,Sunset,Clove,240,0.4892703862660944,0.7545126353790613,0.4,0.4,0.746268656716418,0.7777777777777778,131.2,142.8,35,0.5142857142857142,0.6626712328767124,147.4,14,0.35714285714285715,0.7033492822966507,4,0.25,0.5441176470588235,0.14583333333333334,2.0,Medium,Loss,0.0,1
242,2025-08-26,Bind,Clove,241,0.48717948717948717,0.7539658784794971,0.4,0.4,0.7611940298507462,0.7246376811594203,140.4,139.8,36,0.5,0.6622296173044925,148.22222222222223,13,0.5,0.7540106951871658,4,0.5,0.8153846153846154,0.14937759336099585,1.0,Medium,Win,1.0,1
243,2025-08-26,Sunset,Clove,242,0.48936170212765956,0.7560465810689758,0.6,0.4,0.8620689655172413,0.7426470588235294,151.4,146.5,37,0.5135135135135135,0.6748768472906403,150.32432432432432,15,0.3333333333333333,0.6991150442477876,5,0.2,0.5647058823529412,0.15289256198347106,1.0,Medium,Loss,0.0,1
244,2025-08-27,Lotus,Sage,243,0.4872881355932203,0.7556346381969158,0.6,0.4,0.8356164383561644,0.7622377622377622,176.6,155.2,134,0.46511627906976744,0.745575221238938,144.455223880597,34,0.38235294117647056,0.8017429193899782,22,0.36363636363636365,0.8,0.551440329218107,4.0,High,Loss,0.0,1
245,2025-08-27,Sunset,Clove,244,0.48523206751054854,0.7546501328609388,0.4,0.3,0.84,0.7346938775510204,183.4,154.0,38,0.5,0.6756329113924051,151.39473684210526,16,0.3125,0.6987951807228916,6,0.16666666666666666,0.5925925925925926,0.1557377049180328,2.0,Medium,Loss,0.0,1
246,2025-08-28,Haven,Clove,245,0.4831932773109244,0.7524229074889868,0.2,0.3,0.6666666666666666,0.7027027027027027,165.6,148.4,39,0.48717948717948717,0.6661538461538462,150.4102564102564,31,0.5333333333333333,0.7217194570135747,6,0.5,0.6886792452830188,0.15918367346938775,1.0,Medium,Win,1.0,1
247,2025-08-29,Bind,Clove,246,0.48535564853556484,0.7531515684549985,0.4,0.4,0.7142857142857143,0.7372262773722628,153.6,147.0,40,0.5,0.6707317073170732,149.575,14,0.5384615384615384,0.7897435897435897,5,0.6,0.9041095890410958,0.16260162601626016,1.0,High,Loss,0.0,1
248,2025-08-29,Bind,Clove,247,0.48333333333333334,0.7537204552086373,0.2,0.4,0.6538461538461539,0.7426470588235294,167.0,159.2,41,0.4878048780487805,0.6755952380952381,153.0731707317073,15,0.5,0.7962085308056872,6,0.5,0.898876404494382,0.1659919028340081,1.0,High,Loss,0.0,1
249,2025-08-30,Sunset,Clove,248,0.48132780082987553,0.7519582245430809,0.2,0.4,0.5866666666666667,0.7094594594594594,157.8,167.2,42,0.47619047619047616,0.6690751445086706,152.88095238095238,17,0.29411764705882354,0.6741573033707865,7,0.14285714285714285,0.5555555555555556,0.1693548387096774,1.0,High,Loss,0.0,1
250,2025-08-30,Abyss,Deadlock,249,0.4793388429752066,0.7542593127346232,0.2,0.3,0.7368421052631579,0.7880794701986755,178.4,180.9,8,0.0,0.6153846153846154,145.75,11,0.36363636363636365,0.6549707602339181,1,0.0,0.6153846153846154,0.0321285140562249,60.0,Low,Loss,0.0,1
251,2026-08-08,Sunset,Sage,250,0.4773662551440329,0.7535231521426518,0.2,0.2,0.8055555555555556,0.7320261437908496,180.6,173.1,135,0.46153846153846156,0.743828853538124,144.28148148148148,18,0.2777777777777778,0.7067137809187279,6,0.3333333333333333,0.7127659574468085,0.54,7.0,High,Win,1.0,1
252,2026-08-08,Haven,Clove,251,0.47950819672131145,0.757819225251076,0.2,0.3,0.972972972972973,0.8472222222222222,206.8,180.2,43,0.46511627906976744,0.6822033898305084,154.53488372093022,32,0.5483870967741935,0.7276785714285714,7,0.5714285714285714,0.7142857142857143,0.17131474103585656,3.0,High,Win,1.0,1
253,2026-08-08,Breeze,Sage,252,0.4816326530612245,0.7615230460921844,0.4,0.3,1.1666666666666667,0.8888888888888888,211.0,189.0,136,0.46564885496183206,0.7520480611687602,145.0441176470588,0,,,0,,,0.5396825396825397,2.0,High,Loss,0.0,1
254,2026-08-09,Haven,Sage,253,0.4796747967479675,0.7636830102622577,0.4,0.3,1.4262295081967213,0.9632352941176471,236.6,197.2,137,0.4621212121212121,0.7562296858071506,145.97810218978103,33,0.5625,0.756578947368421,16,0.3333333333333333,0.6,0.541501976284585,1.0,High,Loss,0.0,1
255,2026-08-10,Split,Sage,254,0.4777327935222672,0.7630681818181818,0.4,0.3,1.2982456140350878,0.9774436090225563,216.8,197.6,138,0.45864661654135336,0.7551130247578041,145.82608695652175,30,0.6,0.7642679900744417,18,0.6111111111111112,0.7829787234042553,0.5433070866141733,1.0,High,Win,1.0,1
256,2026-08-11,Ascent,Clove,255,0.4798387096774194,0.7653726268064608,0.6,0.4,1.5576923076923077,1.1209677419354838,238.0,209.3,44,0.4772727272727273,0.7011173184357542,158.1590909090909,32,0.45161290322580644,0.8446601941747572,2,0.0,0.5384615384615384,0.17254901960784313,4.0,High,Win,1.0,1
257,2026-08-11,Ascent,Clove,256,0.4819277108433735,0.7688172043010753,0.6,0.4,1.5510204081632653,1.2032520325203253,243.8,225.3,45,0.4888888888888889,0.7184466019417476,160.8,33,0.46875,0.8729016786570744,3,0.3333333333333333,0.8409090909090909,0.17578125,1.0,High,Win,1.0,1
258,2026-08-12,Haven,Clove,257,0.484,0.7699239650802591,0.6,0.5,1.2758620689655173,1.217741935483871,223.6,217.3,46,0.5,0.7249322493224932,161.93478260869566,34,0.5454545454545454,0.7521367521367521,8,0.625,0.825,0.17898832684824903,1.0,High,Win,1.0,1
259,2026-08-12,Sunset,Sage,258,0.4860557768924303,0.7708508845829823,0.8,0.6,1.2452830188679245,1.3421052631578947,205.4,221.0,139,0.4626865671641791,0.7595072308516336,146.431654676259,19,0.3157894736842105,0.7594501718213058,7,0.42857142857142855,0.8627450980392157,0.5387596899224806,4.0,High,Loss,0.0,1
260,2026-08-12,Breeze,Clove,259,0.48412698412698413,0.7729941291585127,0.8,0.6,1.3859649122807018,1.3421052631578947,244.8,230.8,47,0.5106382978723404,0.7299465240641712,162.36170212765958,1,0.0,1.2666666666666666,0,,,0.18146718146718147,2.0,High,Draw,,0
261,2026-08-13,Breeze,Clove,260,0.48412698412698413,0.7732703528757988,0.75,0.6666666666666666,1.1714285714285715,1.3360655737704918,241.0,239.5,48,0.5106382978723404,0.7324675324675325,163.375,2,0.0,1.0,1,,0.8181818181818182,0.18461538461538463,1.0,High,Loss,0.0,1
262,2026-08-14,Split,Sage,261,0.48221343873517786,0.7730417935233878,0.5,0.5555555555555556,0.9620253164556962,1.1875,235.6,239.7,140,0.45925925925925926,0.7636749867233139,147.68571428571428,31,0.6129032258064516,0.7839805825242718,19,0.631578947368421,0.8155737704918032,0.5363984674329502,3.0,High,Win,1.0,1
263,2026-08-15,Haven,Clove,262,0.484251968503937,0.7764283742754623,0.5,0.5555555555555556,1.0972222222222223,1.176923076923077,249.6,236.6,49,0.5,0.7321428571428571,165.14285714285714,35,0.5588235294117647,0.7594142259414226,9,0.6666666666666666,0.8461538461538461,0.18702290076335878,2.0,High,Loss,0.0,1
264,2026-08-15,Split,Sage,263,0.4823529411764706,0.7772901810202962,0.25,0.5555555555555556,1.0470588235294118,1.1231884057971016,260.4,232.9,141,0.4632352941176471,0.7702060221870047,148.645390070922,32,0.625,0.8127962085308057,20,0.65,0.8622047244094488,0.5361216730038023,2.0,High,Loss,0.0,1
265,2026-08-15,Ascent,Killjoy,264,0.48046875,0.7755324959038776,0.25,0.5555555555555556,0.8823529411764706,1.0845070422535212,220.4,232.6,29,0.6206896551724138,0.9222520107238605,166.89655172413794,34,0.48484848484848486,0.8778801843317973,6,0.3333333333333333,1.0759493670886076,0.10984848484848485,37.0,Medium,Win,1.0,1
266,2026-08-16,Summit,Clove,265,0.48249027237354086,0.7770527460576401,0.4,0.5555555555555556,0.9493670886075949,1.0536912751677852,227.6,234.3,50,0.4897959183673469,0.7372986369268897,166.56,0,,,0,,,0.18867924528301888,3.0,High,Loss,0.0,1
267,2026-08-16,Breeze,Sage,266,0.4806201550387597,0.7758247701460249,0.4,0.4444444444444444,0.8941176470588236,0.926829268292683,200.6,218.1,142,0.45985401459854014,0.7668936616029335,148.45774647887325,3,0.0,0.9215686274509803,1,0.0,1.2666666666666666,0.5338345864661654,3.0,High,Loss,0.0,1
268,2026-08-17,Breeze,Sage,267,0.47876447876447875,0.7734985187180178,0.2,0.3333333333333333,0.6555555555555556,0.8518518518518519,160.6,205.1,143,0.45652173913043476,0.7624740124740125,148.0,4,0.0,0.7575757575757576,2,0.0,0.7333333333333333,0.5355805243445693,1.0,High,Loss,0.0,1
269,2026-08-18,Summit,Sage,268,0.47692307692307695,0.7756032171581769,0.2,0.2222222222222222,0.7023809523809523,0.8757396449704142,164.8,212.6,144,0.45323741007194246,0.7666151468315301,148.75694444444446,1,0.0,0.55,0,,,0.5373134328358209,1.0,High,Loss,0.0,1
270,2026-08-19,Split,Clove,269,0.47509578544061304,0.7769169115682607,0.2,0.2222222222222222,0.8395061728395061,0.8614457831325302,184.0,202.2,51,0.48,0.7327690447400241,165.54901960784315,33,0.6060606060606061,0.7968036529680366,4,0.5,0.6226415094339622,0.1895910780669145,4.0,High,Loss,0.0,1
271,2026-08-23,Split,Sage,270,0.4732824427480916,0.7759722962173682,0.0,0.2,0.7236842105263158,0.8387096774193549,151.0,189.3,145,0.45,0.7691914022517912,149.2344827586207,34,0.5882352941176471,0.7884187082405345,21,0.6190476190476191,0.8333333333333334,0.5370370370370371,2.0,High,Loss,0.0,1
272,2026-08-25,Haven,Sage,271,0.4714828897338403,0.7755968169761274,0.0,0.2,0.7638888888888888,0.8343949044585988,156.4,178.5,146,0.44680851063829785,0.7685279187817259,149.18493150684932,36,0.5428571428571428,0.7664670658682635,17,0.3125,0.5991189427312775,0.5387453874538746,1.0,High,Loss,0.0,1
273,2026-08-26,Lotus,Breach,272,0.4696969696969697,0.776158940397351,0.0,0.1,0.9354838709677419,0.7697368421052632,206.0,183.3,16,0.5625,0.8333333333333334,155.1875,35,0.37142857142857144,0.7932489451476793,6,0.5,0.8,0.058823529411764705,42.0,Medium,Loss,0.0,1
274,2026-08-26,Lotus,Sage,273,0.4679245283018868,0.7759620453347391,0.0,0.1,0.796875,0.7432432432432432,193.4,179.1,147,0.44366197183098594,0.769620253164557,150.42176870748298,36,0.3611111111111111,0.7910750507099391,23,0.34782608695652173,0.7875,0.5384615384615384,2.0,High,Loss,0.0,1
275,2026-08-27,Haven,Sage,274,0.46616541353383456,0.7794696770805986,0.0,0.1,0.9242424242424242,0.8775510204081632,215.2,199.6,148,0.4405594405594406,0.7763819095477387,151.61486486486487,37,0.5277777777777778,0.7707509881422925,18,0.29411764705882354,0.6120689655172413,0.5401459854014599,1.0,High,Win,1.0,1
276,2026-08-27,Sunset,Sage,275,0.4681647940074906,0.7831893165750197,0.2,0.1,1.2,0.9432624113475178,266.6,208.8,149,0.4444444444444444,0.7835,152.8724832214765,20,0.3,0.7850162866449512,8,0.375,0.9152542372881356,0.5418181818181819,1.0,High,Win,1.0,1
277,2026-08-28,Sunset,Clove,276,0.4701492537313433,0.7877284595300261,0.4,0.2,1.55,1.121212121212121,298.6,227.5,52,0.47058823529411764,0.7291169451073986,163.94230769230768,21,0.3333333333333333,0.839622641509434,8,0.125,0.6338028169014085,0.18840579710144928,7.0,High,Loss,0.0,1
278,2026-08-28,Ascent,Deadlock,277,0.4684014869888476,0.7887067395264117,0.4,0.2,1.4852941176470589,1.2230769230769232,282.0,244.0,9,0.0,0.6106870229007634,143.33333333333334,35,0.5,0.8866666666666667,0,,,0.032490974729241874,28.0,Low,Win,1.0,1
279,2026-08-29,Lotus,Clove,278,0.4703703703703704,0.7921100441214638,0.6,0.3,1.8305084745762712,1.2926829268292683,297.8,245.6,53,0.46153846153846156,0.7344300822561692,165.52830188679246,37,0.35135135135135137,0.8169291338582677,2,0.5,0.6785714285714286,0.1906474820143885,2.0,High,Win,1.0,1
280,2026-08-29,Ascent,Sage,279,0.47232472324723246,0.7928441794140524,0.8,0.4,1.8541666666666667,1.3157894736842106,254.8,235.0,150,0.4482758620689655,0.792143212332173,153.86666666666667,36,0.5142857142857142,0.9130434782608695,21,0.5238095238095238,0.8214285714285714,0.5376344086021505,4.0,High,Draw,,0
281,2026-08-29,Split,Sage,280,0.47232472324723246,0.793859649122807,0.75,0.4444444444444444,1.5087719298245614,1.3442622950819672,227.8,247.2,151,0.4482758620689655,0.7940886699507389,154.19867549668874,35,0.5714285714285714,0.7849462365591398,22,0.5909090909090909,0.8251748251748252,0.5392857142857143,1.0,High,Win,1.0,1
282,2026-08-29,Sunset,Sage,281,0.4742647058823529,0.7942312644862219,0.75,0.5555555555555556,1.2641509433962264,1.415929203539823,195.4,247.0,152,0.4520547945205479,0.7947962690230731,154.10526315789474,22,0.3181818181818182,0.8489425981873112,9,0.4444444444444444,1.0387596899224807,0.5409252669039146,1.0,High,Loss,0.0,1
283,2026-08-29,Summit,Sage,282,0.4725274725274725,0.7920512820512821,0.75,0.5555555555555556,1.0175438596491229,1.272,160.8,221.4,153,0.4489795918367347,0.7906523855890945,153.58823529411765,2,0.0,0.7878787878787878,1,0.0,1.1538461538461537,0.5425531914893617,1.0,High,Win,1.0,1
284,2026-08-30,Split,Sage,283,0.4744525547445255,0.7919651995905834,0.75,0.6666666666666666,0.7818181818181819,1.3245614035087718,128.6,213.2,154,0.4527027027027027,0.7904946653734238,153.3181818181818,36,0.5833333333333334,0.788135593220339,23,0.6086956521739131,0.8293515358361775,0.5441696113074205,1.0,High,Win,1.0,1
285,2026-08-30,Abyss,Clove,284,0.4763636363636364,0.7931650089262943,0.75,0.7777777777777778,0.8125,1.2589285714285714,153.4,204.1,54,0.4716981132075472,0.7380116959064328,164.53703703703704,12,0.3333333333333333,0.6486486486486487,4,0.75,0.6818181818181818,0.19014084507042253,6.0,High,Win,1.0,1
286,2026-08-30,Haven,Sage,285,0.4782608695652174,0.7961880559085134,0.8,0.7777777777777778,0.9491525423728814,1.2241379310344827,165.6,196.7,155,0.4563758389261745,0.7927710843373494,153.8516129032258,38,0.5405405405405406,0.7984496124031008,19,0.3333333333333333,0.6776859504132231,0.543859649122807,2.0,High,Win,1.0,1
287,2026-09-01,Haven,Sage,286,0.48014440433212996,0.8018748416518875,0.8,0.7777777777777778,1.265625,1.264957264957265,219.4,207.4,156,0.46,0.8035457594633445,155.48717948717947,39,0.5526315789473685,0.8409090909090909,20,0.3684210526315789,0.7716535433070866,0.5454545454545454,1.0,High,Loss,0.0,1
288,2026-09-03,Summit,Clove,287,0.4784172661870504,0.8005044136191677,0.8,0.7777777777777778,1.3076923076923077,1.1721311475409837,234.2,197.5,55,0.48148148148148145,0.7525891829689298,166.36363636363637,3,0.3333333333333333,0.7804878048780488,1,0.0,0.55,0.1916376306620209,3.0,High,Loss,0.0,1
289,2026-09-04,Sunset,Sage,288,0.4767025089605735,0.7997990454659634,0.6,0.6666666666666666,1.2191780821917808,1.03125,242.2,185.4,157,0.45695364238410596,0.8009501187648456,155.44585987261146,23,0.30434782608695654,0.8218390804597702,10,0.4,0.952054794520548,0.5451388888888888,2.0,High,Win,1.0,1
290,2026-09-05,Abyss,Skye,289,0.4785714285714286,0.80005005005005,0.6,0.6666666666666666,1.16,1.0,231.6,192.5,7,0.5,0.7032967032967034,131.28571428571428,13,0.38461538461538464,0.7185929648241206,0,,,0.02422145328719723,69.0,Low,Loss,0.0,1
291,2026-09-15,Split,Sage,290,0.47686832740213525,0.8002493765586035,0.4,0.6,1.0133333333333334,0.9850746268656716,217.2,191.4,158,0.4605263157894737,0.8014150943396227,155.62025316455697,37,0.5945945945945946,0.797938144329897,24,0.625,0.8431372549019608,0.5448275862068965,2.0,High,Win,1.0,1
292,2026-09-19,Ascent,Clove,291,0.4787234042553192,0.8019900497512438,0.4,0.6,0.8082191780821918,1.0218978102189782,177.6,198.5,56,0.4727272727272727,0.7502824858757062,166.10714285714286,37,0.5142857142857142,0.9164926931106472,4,0.5,0.8852459016393442,0.19243986254295534,4.0,High,Win,1.0,1
293,2026-09-19,Lotus,Sage,292,0.48056537102473496,0.8029776674937965,0.6,0.7,0.9538461538461539,1.1307692307692307,186.0,210.1,159,0.46405228758169936,0.8046948356807512,155.9685534591195,38,0.3684210526315789,0.822265625,24,0.3333333333333333,0.826865671641791,0.5445205479452054,2.0,High,Loss,0.0,1
294,2026-09-20,Ascent,Skye,293,0.4788732394366197,0.8024721878862794,0.6,0.6,0.96875,1.102189781021898,181.6,211.9,8,0.42857142857142855,0.7238095238095238,139.0,38,0.5277777777777778,0.9222903885480572,2,0.0,0.78125,0.027303754266211604,4.0,Low,Loss,0.0,1
295,2026-09-20,Abyss,Astra,294,0.47719298245614034,0.8032504309283428,0.4,0.5,1.0,1.0857142857142856,185.2,208.4,3,1.0,0.78125,126.0,14,0.35714285714285715,0.7276995305164319,0,,,0.01020408163265306,143.0,Very Low,Win,1.0,1
296,2026-09-20,Haven,Clove,295,0.479020979020979,0.8047105004906772,0.6,0.5,1.0757575757575757,1.0425531914893618,194.0,205.6,57,0.48214285714285715,0.7553072625698324,166.5438596491228,40,0.5384615384615384,0.8296703296703297,10,0.6,0.8562091503267973,0.19322033898305085,4.0,High,Draw,,0
297,2026-09-20,Haven,Sage,296,0.479020979020979,0.8048780487804879,0.5,0.4444444444444444,0.95,0.8823529411764706,195.6,186.6,160,0.461038961038961,0.8037296037296038,155.80625,41,0.5384615384615384,0.8298245614035088,21,0.35,0.7536764705882353,0.5405405405405406,4.0,High,Win,1.0,1
